-- =============================================================
-- Elocin Seed Data — development / demo only
-- Run AFTER 001_core.sql (and 003/004/006 for the columns/tables it uses).
--
-- GENERATED, do not hand-edit. Regenerate with:
--     node scripts/gen_seed.mjs > migrations/002_seed.sql
-- The generator runs every observation through the real deterministic
-- engine (core/rules/parseObservation.js), so every parsed_json /
-- confidence / confidence_score below is exactly what the engine produces
-- for that raw_text — not hand-authored (the prior seed had parsed_json
-- that no longer matched the engine). Edit scripts/gen_seed.mjs, not this.
--
-- Five classrooms spanning Pre-K–Grade 2 (Room 2 = Pre-K, Room 4 = K,
-- Room 6 & 7 = Grade 1, Room 8 = Grade 2). Every student carries a tone across
-- the range (thriving / monitor / needs-intervention / needs-a-note), and the
-- roster exercises every feature: multi-role observations (teacher/TA/specialist),
-- all outcome types + negated methods + behavioral skills + LOW-confidence
-- AI-fallback notes, goals (active/achieved/paused) with status history and
-- evidence links, interventions (high/medium/low, active + resolved),
-- org milestones with per-student status, conference reports, and parent
-- contacts (opted-in + invite-pending).
--
-- Demo login: any seeded staff email, password "demo1234".
--   patel@westfield.edu  (owner/teacher, sees all 5 rooms)
--   nguyen@westfield.edu (teacher, Room 6) · bello/chen/ford@westfield.edu (Rooms 2/7/8)
-- =============================================================

-- Organization
INSERT INTO organizations (id, name, slug, plan) VALUES
  ('00000000-0000-0000-0000-000000000001', 'Westfield Elementary', 'westfield', 'professional');

-- Location
INSERT INTO locations (id, organization_id, name) VALUES
  ('00000000-0000-0000-0001-000000000001', '00000000-0000-0000-0000-000000000001', 'Main Building');

-- Teams (Classrooms)
INSERT INTO teams (id, organization_id, location_id, name, grade_level, academic_year) VALUES
  ('00000000-0000-0000-0002-000000000001', '00000000-0000-0000-0000-000000000001', '00000000-0000-0000-0001-000000000001', 'Room 4', 'K', '2024-25'),
  ('00000000-0000-0000-0002-000000000002', '00000000-0000-0000-0000-000000000001', '00000000-0000-0000-0001-000000000001', 'Room 6', '1', '2024-25'),
  ('00000000-0000-0000-0002-000000000003', '00000000-0000-0000-0000-000000000001', '00000000-0000-0000-0001-000000000001', 'Room 2', 'Pre-K', '2024-25'),
  ('00000000-0000-0000-0002-000000000004', '00000000-0000-0000-0000-000000000001', '00000000-0000-0000-0001-000000000001', 'Room 7', '1', '2024-25'),
  ('00000000-0000-0000-0002-000000000005', '00000000-0000-0000-0000-000000000001', '00000000-0000-0000-0001-000000000001', 'Room 8', '2', '2024-25');

-- Users (password for all seeded staff is "demo1234")
INSERT INTO users (id, organization_id, email, full_name, auth_uid, password_hash, org_role) VALUES
  ('00000000-0000-0000-0003-000000000001',  '00000000-0000-0000-0000-000000000001', 'patel@westfield.edu',  'Ms. Patel',  'auth_patel',  '$2a$10$ehPyLHnPSO88f1WYxEGqjO/VfDAM7VIT3fi6ztyFytySSlVuUrwii', 'owner'),
  ('00000000-0000-0000-0003-000000000002', '00000000-0000-0000-0000-000000000001', 'rivera@westfield.edu', 'J. Rivera',  'auth_rivera', '$2a$10$ehPyLHnPSO88f1WYxEGqjO/VfDAM7VIT3fi6ztyFytySSlVuUrwii', NULL),
  ('00000000-0000-0000-0003-000000000003', '00000000-0000-0000-0000-000000000001', 'nguyen@westfield.edu', 'Ms. Nguyen', 'auth_nguyen', '$2a$10$ehPyLHnPSO88f1WYxEGqjO/VfDAM7VIT3fi6ztyFytySSlVuUrwii', 'admin'),
  ('00000000-0000-0000-0003-000000000004', '00000000-0000-0000-0000-000000000001', 'okafor@westfield.edu', 'D. Okafor',  'auth_okafor', '$2a$10$ehPyLHnPSO88f1WYxEGqjO/VfDAM7VIT3fi6ztyFytySSlVuUrwii', NULL),
  ('00000000-0000-0000-0003-000000000005',  '00000000-0000-0000-0000-000000000001', 'bello@westfield.edu',  'Ms. Bello',  'auth_bello',  '$2a$10$ehPyLHnPSO88f1WYxEGqjO/VfDAM7VIT3fi6ztyFytySSlVuUrwii', NULL),
  ('00000000-0000-0000-0003-000000000006',   '00000000-0000-0000-0000-000000000001', 'chen@westfield.edu',   'Mr. Chen',   'auth_chen',   '$2a$10$ehPyLHnPSO88f1WYxEGqjO/VfDAM7VIT3fi6ztyFytySSlVuUrwii', NULL),
  ('00000000-0000-0000-0003-000000000007',   '00000000-0000-0000-0000-000000000001', 'ford@westfield.edu',   'Ms. Ford',   'auth_ford',   '$2a$10$ehPyLHnPSO88f1WYxEGqjO/VfDAM7VIT3fi6ztyFytySSlVuUrwii', NULL);

-- Team memberships. Patel (owner) leads Room 4 and also sits in Room 6 so
-- the owner demo account can see BOTH classrooms (and exercise the sidebar
-- classroom-scope filter). Okafor is a specialist across both rooms.
INSERT INTO team_memberships (team_id, user_id, role) VALUES
  ('00000000-0000-0000-0002-000000000001', '00000000-0000-0000-0003-000000000001',  'teacher'),
  ('00000000-0000-0000-0002-000000000001', '00000000-0000-0000-0003-000000000002', 'ta'),
  ('00000000-0000-0000-0002-000000000001', '00000000-0000-0000-0003-000000000004', 'specialist'),
  ('00000000-0000-0000-0002-000000000002', '00000000-0000-0000-0003-000000000001',  'teacher'),
  ('00000000-0000-0000-0002-000000000002', '00000000-0000-0000-0003-000000000003', 'teacher'),
  ('00000000-0000-0000-0002-000000000002', '00000000-0000-0000-0003-000000000004', 'specialist'),
  ('00000000-0000-0000-0002-000000000003', '00000000-0000-0000-0003-000000000005',  'teacher'),
  ('00000000-0000-0000-0002-000000000003', '00000000-0000-0000-0003-000000000001',  'teacher'),
  ('00000000-0000-0000-0002-000000000003', '00000000-0000-0000-0003-000000000004', 'specialist'),
  ('00000000-0000-0000-0002-000000000004', '00000000-0000-0000-0003-000000000006',   'teacher'),
  ('00000000-0000-0000-0002-000000000004', '00000000-0000-0000-0003-000000000001',  'teacher'),
  ('00000000-0000-0000-0002-000000000005', '00000000-0000-0000-0003-000000000007',   'teacher'),
  ('00000000-0000-0000-0002-000000000005', '00000000-0000-0000-0003-000000000001',  'teacher'),
  ('00000000-0000-0000-0002-000000000005', '00000000-0000-0000-0003-000000000004', 'specialist');

-- People (students)
INSERT INTO people (id, organization_id, display_name, date_of_birth, grade_level) VALUES
  ('00000000-0000-0000-0004-000000000001',   '00000000-0000-0000-0000-000000000001', 'Emma',   '2018-03-12', 'K'),
  ('00000000-0000-0000-0004-000000000002',   '00000000-0000-0000-0000-000000000001', 'Noah',   '2018-07-24', 'K'),
  ('00000000-0000-0000-0004-000000000003',   '00000000-0000-0000-0000-000000000001', 'Lily',   '2018-01-09', 'K'),
  ('00000000-0000-0000-0004-000000000004', '00000000-0000-0000-0000-000000000001', 'Marcus', '2018-05-30', 'K'),
  ('00000000-0000-0000-0004-000000000005',  '00000000-0000-0000-0000-000000000001', 'Aisha',  '2017-04-18', '1'),
  ('00000000-0000-0000-0004-000000000006',  '00000000-0000-0000-0000-000000000001', 'Diego',  '2017-09-02', '1'),
  ('00000000-0000-0000-0004-000000000007', '00000000-0000-0000-0000-000000000001', 'Sophia', '2017-06-11', '1'),
  ('00000000-0000-0000-0004-000000000008',   '00000000-0000-0000-0000-000000000001', 'Liam',   '2017-11-27', '1'),
  ('00000000-0000-0000-0004-000000000009',    '00000000-0000-0000-0000-000000000001', 'Ava',    '2020-02-14', 'Pre-K'),
  ('00000000-0000-0000-0004-000000000010',  '00000000-0000-0000-0000-000000000001', 'Ethan',  '2020-05-08', 'Pre-K'),
  ('00000000-0000-0000-0004-000000000011',    '00000000-0000-0000-0000-000000000001', 'Mia',    '2020-09-21', 'Pre-K'),
  ('00000000-0000-0000-0004-000000000012',   '00000000-0000-0000-0000-000000000001', 'Jack',   '2020-01-30', 'Pre-K'),
  ('00000000-0000-0000-0004-000000000013',    '00000000-0000-0000-0000-000000000001', 'Zoe',    '2020-07-03', 'Pre-K'),
  ('00000000-0000-0000-0004-000000000014',    '00000000-0000-0000-0000-000000000001', 'Leo',    '2020-11-16', 'Pre-K'),
  ('00000000-0000-0000-0004-000000000015',   '00000000-0000-0000-0000-000000000001', 'Maya',   '2017-03-05', '1'),
  ('00000000-0000-0000-0004-000000000016',   '00000000-0000-0000-0000-000000000001', 'Owen',   '2017-08-19', '1'),
  ('00000000-0000-0000-0004-000000000017',   '00000000-0000-0000-0000-000000000001', 'Ruby',   '2017-05-27', '1'),
  ('00000000-0000-0000-0004-000000000018',    '00000000-0000-0000-0000-000000000001', 'Sam',    '2017-10-12', '1'),
  ('00000000-0000-0000-0004-000000000019',   '00000000-0000-0000-0000-000000000001', 'Ella',   '2017-02-08', '1'),
  ('00000000-0000-0000-0004-000000000020',   '00000000-0000-0000-0000-000000000001', 'Theo',   '2017-12-01', '1'),
  ('00000000-0000-0000-0004-000000000021',   '00000000-0000-0000-0000-000000000001', 'Nora',   '2016-04-22', '2'),
  ('00000000-0000-0000-0004-000000000022',  '00000000-0000-0000-0000-000000000001', 'Felix',  '2016-09-14', '2'),
  ('00000000-0000-0000-0004-000000000023',   '00000000-0000-0000-0000-000000000001', 'Iris',   '2016-06-30', '2'),
  ('00000000-0000-0000-0004-000000000024',   '00000000-0000-0000-0000-000000000001', 'Gabe',   '2016-11-05', '2'),
  ('00000000-0000-0000-0004-000000000025',   '00000000-0000-0000-0000-000000000001', 'Luna',   '2016-01-19', '2'),
  ('00000000-0000-0000-0004-000000000026',    '00000000-0000-0000-0000-000000000001', 'Max',    '2016-08-25', '2');

-- Enrollments
INSERT INTO enrollments (team_id, person_id) VALUES
  ('00000000-0000-0000-0002-000000000001', '00000000-0000-0000-0004-000000000001'),
  ('00000000-0000-0000-0002-000000000001', '00000000-0000-0000-0004-000000000002'),
  ('00000000-0000-0000-0002-000000000001', '00000000-0000-0000-0004-000000000003'),
  ('00000000-0000-0000-0002-000000000001', '00000000-0000-0000-0004-000000000004'),
  ('00000000-0000-0000-0002-000000000002', '00000000-0000-0000-0004-000000000005'),
  ('00000000-0000-0000-0002-000000000002', '00000000-0000-0000-0004-000000000006'),
  ('00000000-0000-0000-0002-000000000002', '00000000-0000-0000-0004-000000000007'),
  ('00000000-0000-0000-0002-000000000002', '00000000-0000-0000-0004-000000000008'),
  ('00000000-0000-0000-0002-000000000003', '00000000-0000-0000-0004-000000000009'),
  ('00000000-0000-0000-0002-000000000003', '00000000-0000-0000-0004-000000000010'),
  ('00000000-0000-0000-0002-000000000003', '00000000-0000-0000-0004-000000000011'),
  ('00000000-0000-0000-0002-000000000003', '00000000-0000-0000-0004-000000000012'),
  ('00000000-0000-0000-0002-000000000003', '00000000-0000-0000-0004-000000000013'),
  ('00000000-0000-0000-0002-000000000003', '00000000-0000-0000-0004-000000000014'),
  ('00000000-0000-0000-0002-000000000004', '00000000-0000-0000-0004-000000000015'),
  ('00000000-0000-0000-0002-000000000004', '00000000-0000-0000-0004-000000000016'),
  ('00000000-0000-0000-0002-000000000004', '00000000-0000-0000-0004-000000000017'),
  ('00000000-0000-0000-0002-000000000004', '00000000-0000-0000-0004-000000000018'),
  ('00000000-0000-0000-0002-000000000004', '00000000-0000-0000-0004-000000000019'),
  ('00000000-0000-0000-0002-000000000004', '00000000-0000-0000-0004-000000000020'),
  ('00000000-0000-0000-0002-000000000005', '00000000-0000-0000-0004-000000000021'),
  ('00000000-0000-0000-0002-000000000005', '00000000-0000-0000-0004-000000000022'),
  ('00000000-0000-0000-0002-000000000005', '00000000-0000-0000-0004-000000000023'),
  ('00000000-0000-0000-0002-000000000005', '00000000-0000-0000-0004-000000000024'),
  ('00000000-0000-0000-0002-000000000005', '00000000-0000-0000-0004-000000000025'),
  ('00000000-0000-0000-0002-000000000005', '00000000-0000-0000-0004-000000000026');

-- Observations (parsed_json is real engine output, generated)
INSERT INTO observations (id, team_id, person_id, recorded_by, raw_text, domain, observed_at, recorder_role, confidence, confidence_score, parsed_json) VALUES
  ('00000000-0000-0000-0005-000000000001', '00000000-0000-0000-0002-000000000001', '00000000-0000-0000-0004-000000000001', '00000000-0000-0000-0003-000000000001', 'Struggled with CVC blending but got 3/5 with picture cards, up from 1/5 without.', 'literacy', NOW() - INTERVAL '26 days', 'teacher', 'HIGH', 4, '{"students":[],"context":"literacy","skills":["phonics"],"methods":[{"key":"visual","label":"Visual / Picture cues","negated":false,"source":"auto"}],"outcome":"mixed","confidence":"HIGH","confidenceScore":4,"flags":["no_student_matched"],"llmFallbackSuggested":false,"signalStrength":4,"suggestions":{"skills":[],"methods":[]},"evidence":{"skills":{"phonics":{"trigger":"cvc","match":"cvc"}},"methods":{"visual":{"trigger":"picture card","match":"picture cards","negated":false}},"outcome":[{"word":"struggled","trigger":"struggled","negated":false,"polarity":"negative"}]},"lexicon":"1.4"}'),
  ('00000000-0000-0000-0005-000000000002', '00000000-0000-0000-0002-000000000001', '00000000-0000-0000-0004-000000000001', '00000000-0000-0000-0003-000000000001', 'Decoded 8 of 10 sounds independently today — big jump from last week.', 'literacy', NOW() - INTERVAL '19 days', 'teacher', 'HIGH', 4, '{"students":[],"context":"literacy","skills":[],"methods":[{"key":"independent","label":"Independent practice","negated":false,"source":"auto"}],"outcome":"positive","confidence":"HIGH","confidenceScore":4,"flags":["no_student_matched"],"llmFallbackSuggested":false,"signalStrength":4,"suggestions":{"skills":["phonics","gross_motor","independence"],"methods":[]},"evidence":{"skills":{},"methods":{"independent":{"trigger":"independently","match":"independently","negated":false}},"outcome":[{"word":"independently","trigger":"independently","negated":false,"polarity":"positive"}]},"lexicon":"1.4"}'),
  ('00000000-0000-0000-0005-000000000003', '00000000-0000-0000-0002-000000000001', '00000000-0000-0000-0004-000000000001', '00000000-0000-0000-0003-000000000002', 'Used counters for counting to 20 and got all correct, her first time independently.', 'maths', NOW() - INTERVAL '12 days', 'ta', 'HIGH', 4, '{"students":[],"context":"maths","skills":["counting"],"methods":[{"key":"independent","label":"Independent practice","negated":false,"source":"auto"}],"outcome":"positive","confidence":"HIGH","confidenceScore":4,"flags":["no_student_matched"],"llmFallbackSuggested":false,"signalStrength":4,"suggestions":{"skills":["independence"],"methods":[{"key":"kinesthetic","label":"Hands-on / Manipulatives","negated":false}]},"evidence":{"skills":{"counting":{"trigger":"counting to","match":"counting to"}},"methods":{"independent":{"trigger":"independently","match":"independently","negated":false}},"outcome":[{"word":"independently","trigger":"independently","negated":false,"polarity":"positive"},{"word":"correct","trigger":"correct","negated":false,"polarity":"positive"}]},"lexicon":"1.4"}'),
  ('00000000-0000-0000-0005-000000000004', '00000000-0000-0000-0002-000000000001', '00000000-0000-0000-0004-000000000001', '00000000-0000-0000-0003-000000000001', 'Raised her hand to ask for help during small group reading.', 'social', NOW() - INTERVAL '8 days', 'teacher', 'HIGH', 3, '{"students":[],"context":"social","skills":["communication"],"methods":[{"key":"small_group","label":"Small group","negated":false,"source":"auto"}],"outcome":"unknown","confidence":"HIGH","confidenceScore":3,"flags":["no_student_matched"],"llmFallbackSuggested":false,"signalStrength":3,"suggestions":{"skills":[],"methods":[]},"evidence":{"skills":{"communication":{"trigger":"raised her hand","match":"raised her hand"}},"methods":{"small_group":{"trigger":"small group","match":"small group","negated":false}},"outcome":[]},"lexicon":"1.4"}'),
  ('00000000-0000-0000-0005-000000000005', '00000000-0000-0000-0002-000000000001', '00000000-0000-0000-0004-000000000001', '00000000-0000-0000-0003-000000000004', 'Stayed calm through transitions and used her coping strategy independently this time.', 'behaviour', NOW() - INTERVAL '5 days', 'specialist', 'HIGH', 4, '{"students":[],"context":"behaviour","skills":["self_regulation"],"methods":[{"key":"independent","label":"Independent practice","negated":false,"source":"auto"}],"outcome":"positive","confidence":"HIGH","confidenceScore":4,"flags":["no_student_matched"],"llmFallbackSuggested":false,"signalStrength":4,"suggestions":{"skills":["independence","problem_solving"],"methods":[]},"evidence":{"skills":{"self_regulation":{"trigger":"coping strategy","match":"coping strategy"}},"methods":{"independent":{"trigger":"independently","match":"independently","negated":false}},"outcome":[{"word":"independently","trigger":"independently","negated":false,"polarity":"positive"}]},"lexicon":"1.4"}'),
  ('00000000-0000-0000-0005-000000000006', '00000000-0000-0000-0002-000000000001', '00000000-0000-0000-0004-000000000001', '00000000-0000-0000-0003-000000000001', 'Read the passage and answered comprehension questions correctly with one-on-one support.', 'literacy', NOW() - INTERVAL '2 days', 'teacher', 'HIGH', 4, '{"students":[],"context":"literacy","skills":["reading_comprehension","reading"],"methods":[{"key":"one_on_one","label":"1-on-1 support","negated":false,"source":"auto"}],"outcome":"positive","confidence":"HIGH","confidenceScore":4,"flags":["no_student_matched"],"llmFallbackSuggested":false,"signalStrength":4,"suggestions":{"skills":[],"methods":[]},"evidence":{"skills":{"reading_comprehension":{"trigger":"comprehension","match":"comprehension"},"reading":{"trigger":"read the passage","match":"read the passage"}},"methods":{"one_on_one":{"trigger":"one-on-one","match":"one-on-one","negated":false}},"outcome":[{"word":"correctly","trigger":"correctly","negated":false,"polarity":"positive"}]},"lexicon":"1.4"}'),
  ('00000000-0000-0000-0005-000000000007', '00000000-0000-0000-0002-000000000001', '00000000-0000-0000-0004-000000000002', '00000000-0000-0000-0003-000000000001', 'Blended 4 of 5 words but struggled to focus in group work.', 'literacy', NOW() - INTERVAL '24 days', 'teacher', 'HIGH', 4, '{"students":[],"context":"literacy","skills":[],"methods":[{"key":"small_group","label":"Small group","negated":false,"source":"auto"}],"outcome":"mixed","confidence":"HIGH","confidenceScore":4,"flags":["no_student_matched"],"llmFallbackSuggested":false,"signalStrength":4,"suggestions":{"skills":["phonics"],"methods":[]},"evidence":{"skills":{},"methods":{"small_group":{"trigger":"group work","match":"group work","negated":false}},"outcome":[{"word":"struggled","trigger":"struggled","negated":false,"polarity":"negative"}]},"lexicon":"1.4"}'),
  ('00000000-0000-0000-0005-000000000008', '00000000-0000-0000-0002-000000000001', '00000000-0000-0000-0004-000000000002', '00000000-0000-0000-0003-000000000001', 'Struggled with number sense and could not complete the number line.', 'maths', NOW() - INTERVAL '17 days', 'teacher', 'HIGH', 4, '{"students":[],"context":"maths","skills":[],"methods":[{"key":"visual","label":"Visual / Picture cues","negated":true,"source":"auto"}],"outcome":"negative","confidence":"HIGH","confidenceScore":4,"flags":["no_student_matched"],"llmFallbackSuggested":false,"signalStrength":4,"suggestions":{"skills":["number_recognition"],"methods":[]},"evidence":{"skills":{},"methods":{"visual":{"trigger":"number line","match":"number line","negated":true}},"outcome":[{"word":"struggled","trigger":"struggled","negated":false,"polarity":"negative"},{"word":"could not","trigger":"could not","negated":false,"polarity":"negative"}]},"lexicon":"1.4"}'),
  ('00000000-0000-0000-0005-000000000009', '00000000-0000-0000-0002-000000000001', '00000000-0000-0000-0004-000000000002', '00000000-0000-0000-0003-000000000004', 'Refused to share materials and had a meltdown during transition.', 'behaviour', NOW() - INTERVAL '10 days', 'specialist', 'HIGH', 3, '{"students":[],"context":"behaviour","skills":["self_regulation"],"methods":[],"outcome":"negative","confidence":"HIGH","confidenceScore":3,"flags":["no_student_matched"],"llmFallbackSuggested":false,"signalStrength":3,"suggestions":{"skills":["sharing_cooperation"],"methods":[]},"evidence":{"skills":{"self_regulation":{"trigger":"meltdown","match":"meltdown"}},"methods":{},"outcome":[{"word":"refused","trigger":"refused","negated":false,"polarity":"negative"}]},"lexicon":"1.4"}'),
  ('00000000-0000-0000-0005-000000000010', '00000000-0000-0000-0002-000000000001', '00000000-0000-0000-0004-000000000002', '00000000-0000-0000-0003-000000000001', 'Tried again after a verbal prompt and figured out the problem.', 'literacy', NOW() - INTERVAL '3 days', 'teacher', 'HIGH', 3, '{"students":[],"context":"literacy","skills":["problem_solving"],"methods":[{"key":"verbal_prompt","label":"Verbal prompt / Cue","negated":false,"source":"auto"}],"outcome":"unknown","confidence":"HIGH","confidenceScore":3,"flags":["no_student_matched"],"llmFallbackSuggested":false,"signalStrength":3,"suggestions":{"skills":[],"methods":[]},"evidence":{"skills":{"problem_solving":{"trigger":"figured out","match":"figured out"}},"methods":{"verbal_prompt":{"trigger":"verbal prompt","match":"verbal prompt","negated":false}},"outcome":[]},"lexicon":"1.4"}'),
  ('00000000-0000-0000-0005-000000000011', '00000000-0000-0000-0002-000000000001', '00000000-0000-0000-0004-000000000003', '00000000-0000-0000-0003-000000000001', 'Lost focus mid-lesson but completed the worksheet accurately one-on-one.', 'literacy', NOW() - INTERVAL '21 days', 'teacher', 'HIGH', 4, '{"students":[],"context":"literacy","skills":["engagement"],"methods":[{"key":"one_on_one","label":"1-on-1 support","negated":false,"source":"auto"}],"outcome":"mixed","confidence":"HIGH","confidenceScore":4,"flags":["no_student_matched"],"llmFallbackSuggested":false,"signalStrength":4,"suggestions":{"skills":[],"methods":[]},"evidence":{"skills":{"engagement":{"trigger":"lost focus","match":"lost focus"}},"methods":{"one_on_one":{"trigger":"one-on-one","match":"one-on-one","negated":false}},"outcome":[{"word":"accurately","trigger":"accurately","negated":false,"polarity":"positive"},{"word":"lost focus","trigger":"lost focus","negated":false,"polarity":"negative"}]},"lexicon":"1.4"}'),
  ('00000000-0000-0000-0005-000000000012', '00000000-0000-0000-0002-000000000001', '00000000-0000-0000-0004-000000000003', '00000000-0000-0000-0003-000000000004', 'Struggled to self-regulate and could not calm down in group work.', 'behaviour', NOW() - INTERVAL '15 days', 'specialist', 'HIGH', 4, '{"students":[],"context":"behaviour","skills":["self_regulation"],"methods":[{"key":"small_group","label":"Small group","negated":true,"source":"auto"}],"outcome":"negative","confidence":"HIGH","confidenceScore":4,"flags":["no_student_matched"],"llmFallbackSuggested":false,"signalStrength":4,"suggestions":{"skills":[],"methods":[]},"evidence":{"skills":{"self_regulation":{"trigger":"self-regulate","match":"self-regulate"}},"methods":{"small_group":{"trigger":"group work","match":"group work","negated":true}},"outcome":[{"word":"struggled","trigger":"struggled","negated":false,"polarity":"negative"},{"word":"could not","trigger":"could not","negated":false,"polarity":"negative"}]},"lexicon":"1.4"}'),
  ('00000000-0000-0000-0005-000000000013', '00000000-0000-0000-0002-000000000001', '00000000-0000-0000-0004-000000000003', '00000000-0000-0000-0003-000000000004', 'Struggled to self-regulate during transitions and would not settle in group work.', 'behaviour', NOW() - INTERVAL '10 days', 'specialist', 'HIGH', 4, '{"students":[],"context":"behaviour","skills":["self_regulation"],"methods":[{"key":"small_group","label":"Small group","negated":true,"source":"auto"}],"outcome":"negative","confidence":"HIGH","confidenceScore":4,"flags":["no_student_matched"],"llmFallbackSuggested":false,"signalStrength":4,"suggestions":{"skills":[],"methods":[]},"evidence":{"skills":{"self_regulation":{"trigger":"self-regulate","match":"self-regulate"}},"methods":{"small_group":{"trigger":"group work","match":"group work","negated":true}},"outcome":[{"word":"struggled","trigger":"struggled","negated":false,"polarity":"negative"}]},"lexicon":"1.4"}'),
  ('00000000-0000-0000-0005-000000000014', '00000000-0000-0000-0002-000000000001', '00000000-0000-0000-0004-000000000003', '00000000-0000-0000-0003-000000000001', 'Struggled to self-regulate and refused to join group work again.', 'behaviour', NOW() - INTERVAL '4 days', 'teacher', 'HIGH', 4, '{"students":[],"context":"behaviour","skills":["self_regulation"],"methods":[{"key":"small_group","label":"Small group","negated":true,"source":"auto"}],"outcome":"negative","confidence":"HIGH","confidenceScore":4,"flags":["no_student_matched"],"llmFallbackSuggested":false,"signalStrength":4,"suggestions":{"skills":["addition"],"methods":[]},"evidence":{"skills":{"self_regulation":{"trigger":"self-regulate","match":"self-regulate"}},"methods":{"small_group":{"trigger":"group work","match":"group work","negated":true}},"outcome":[{"word":"struggled","trigger":"struggled","negated":false,"polarity":"negative"},{"word":"refused","trigger":"refused","negated":false,"polarity":"negative"}]},"lexicon":"1.4"}'),
  ('00000000-0000-0000-0005-000000000015', '00000000-0000-0000-0002-000000000001', '00000000-0000-0000-0004-000000000004', '00000000-0000-0000-0003-000000000002', 'Struggled with pencil grip during handwriting but improved with one-on-one support.', 'motor', NOW() - INTERVAL '28 days', 'ta', 'HIGH', 4, '{"students":[],"context":"motor","skills":["letter_formation","fine_motor"],"methods":[{"key":"one_on_one","label":"1-on-1 support","negated":false,"source":"auto"}],"outcome":"mixed","confidence":"HIGH","confidenceScore":4,"flags":["no_student_matched"],"llmFallbackSuggested":false,"signalStrength":4,"suggestions":{"skills":[],"methods":[]},"evidence":{"skills":{"letter_formation":{"trigger":"handwriting","match":"handwriting"},"fine_motor":{"trigger":"pencil grip","match":"pencil grip"}},"methods":{"one_on_one":{"trigger":"one-on-one","match":"one-on-one","negated":false}},"outcome":[{"word":"improved","trigger":"improved","negated":false,"polarity":"positive"},{"word":"struggled","trigger":"struggled","negated":false,"polarity":"negative"}]},"lexicon":"1.4"}'),
  ('00000000-0000-0000-0005-000000000016', '00000000-0000-0000-0002-000000000001', '00000000-0000-0000-0004-000000000004', '00000000-0000-0000-0003-000000000001', 'Cut along the line with good control today — his grip has really improved.', 'motor', NOW() - INTERVAL '20 days', 'teacher', 'HIGH', 3, '{"students":[],"context":"motor","skills":["fine_motor"],"methods":[],"outcome":"positive","confidence":"HIGH","confidenceScore":3,"flags":["no_student_matched"],"llmFallbackSuggested":false,"signalStrength":3,"suggestions":{"skills":[],"methods":[]},"evidence":{"skills":{"fine_motor":{"trigger":"cut along","match":"cut along"}},"methods":{},"outcome":[{"word":"improved","trigger":"improved","negated":false,"polarity":"positive"}]},"lexicon":"1.4"}'),
  ('00000000-0000-0000-0005-000000000017', '00000000-0000-0000-0002-000000000001', '00000000-0000-0000-0004-000000000004', '00000000-0000-0000-0003-000000000001', 'Wrote his name independently for the first time.', 'literacy', NOW() - INTERVAL '16 days', 'teacher', 'HIGH', 4, '{"students":[],"context":"literacy","skills":["writing"],"methods":[{"key":"independent","label":"Independent practice","negated":false,"source":"auto"}],"outcome":"positive","confidence":"HIGH","confidenceScore":4,"flags":["no_student_matched"],"llmFallbackSuggested":false,"signalStrength":4,"suggestions":{"skills":["independence"],"methods":[]},"evidence":{"skills":{"writing":{"trigger":"wrote","match":"wrote"}},"methods":{"independent":{"trigger":"independently","match":"independently","negated":false}},"outcome":[{"word":"independently","trigger":"independently","negated":false,"polarity":"positive"}]},"lexicon":"1.4"}'),
  ('00000000-0000-0000-0005-000000000018', '00000000-0000-0000-0002-000000000002', '00000000-0000-0000-0004-000000000005', '00000000-0000-0000-0003-000000000003', 'Decoded CVC words using picture cards and got 4 of 5 correct.', 'literacy', NOW() - INTERVAL '27 days', 'teacher', 'HIGH', 4, '{"students":[],"context":"literacy","skills":["phonics"],"methods":[{"key":"visual","label":"Visual / Picture cues","negated":false,"source":"auto"}],"outcome":"positive","confidence":"HIGH","confidenceScore":4,"flags":["no_student_matched"],"llmFallbackSuggested":false,"signalStrength":4,"suggestions":{"skills":[],"methods":[]},"evidence":{"skills":{"phonics":{"trigger":"cvc","match":"cvc"}},"methods":{"visual":{"trigger":"picture card","match":"picture cards","negated":false}},"outcome":[{"word":"correct","trigger":"correct","negated":false,"polarity":"positive"}]},"lexicon":"1.4"}'),
  ('00000000-0000-0000-0005-000000000019', '00000000-0000-0000-0002-000000000002', '00000000-0000-0000-0004-000000000005', '00000000-0000-0000-0003-000000000003', 'Struggled with blending sounds at first but improved with one-on-one support.', 'literacy', NOW() - INTERVAL '20 days', 'teacher', 'HIGH', 4, '{"students":[],"context":"literacy","skills":[],"methods":[{"key":"one_on_one","label":"1-on-1 support","negated":false,"source":"auto"}],"outcome":"mixed","confidence":"HIGH","confidenceScore":4,"flags":["no_student_matched"],"llmFallbackSuggested":false,"signalStrength":4,"suggestions":{"skills":["phonics"],"methods":[]},"evidence":{"skills":{},"methods":{"one_on_one":{"trigger":"one-on-one","match":"one-on-one","negated":false}},"outcome":[{"word":"improved","trigger":"improved","negated":false,"polarity":"positive"},{"word":"struggled","trigger":"struggled","negated":false,"polarity":"negative"}]},"lexicon":"1.4"}'),
  ('00000000-0000-0000-0005-000000000020', '00000000-0000-0000-0002-000000000002', '00000000-0000-0000-0004-000000000005', '00000000-0000-0000-0003-000000000003', 'Read the passage and answered comprehension questions independently.', 'literacy', NOW() - INTERVAL '13 days', 'teacher', 'HIGH', 4, '{"students":[],"context":"literacy","skills":["reading_comprehension","reading"],"methods":[{"key":"independent","label":"Independent practice","negated":false,"source":"auto"}],"outcome":"positive","confidence":"HIGH","confidenceScore":4,"flags":["no_student_matched"],"llmFallbackSuggested":false,"signalStrength":4,"suggestions":{"skills":["independence"],"methods":[]},"evidence":{"skills":{"reading_comprehension":{"trigger":"comprehension","match":"comprehension"},"reading":{"trigger":"read the passage","match":"read the passage"}},"methods":{"independent":{"trigger":"independently","match":"independently","negated":false}},"outcome":[{"word":"independently","trigger":"independently","negated":false,"polarity":"positive"}]},"lexicon":"1.4"}'),
  ('00000000-0000-0000-0005-000000000021', '00000000-0000-0000-0002-000000000002', '00000000-0000-0000-0004-000000000005', '00000000-0000-0000-0003-000000000003', 'Collaborated well and took turns with peers during small group work.', 'social', NOW() - INTERVAL '9 days', 'teacher', 'HIGH', 3, '{"students":[],"context":"social","skills":["turn_taking","peer_interaction"],"methods":[{"key":"small_group","label":"Small group","negated":false,"source":"auto"}],"outcome":"unknown","confidence":"HIGH","confidenceScore":3,"flags":["no_student_matched"],"llmFallbackSuggested":false,"signalStrength":3,"suggestions":{"skills":["collaboration"],"methods":[]},"evidence":{"skills":{"turn_taking":{"trigger":"took turns","match":"took turns"},"peer_interaction":{"trigger":"with peers","match":"with peers"}},"methods":{"small_group":{"trigger":"small group","match":"small group","negated":false}},"outcome":[]},"lexicon":"1.4"}'),
  ('00000000-0000-0000-0005-000000000022', '00000000-0000-0000-0002-000000000002', '00000000-0000-0000-0004-000000000005', '00000000-0000-0000-0003-000000000004', 'Mastered counting to 50 using manipulatives — so pleased with her.', 'maths', NOW() - INTERVAL '6 days', 'specialist', 'HIGH', 4, '{"students":[],"context":"maths","skills":["counting"],"methods":[{"key":"kinesthetic","label":"Hands-on / Manipulatives","negated":false,"source":"auto"}],"outcome":"positive","confidence":"HIGH","confidenceScore":4,"flags":["no_student_matched"],"llmFallbackSuggested":false,"signalStrength":4,"suggestions":{"skills":[],"methods":[]},"evidence":{"skills":{"counting":{"trigger":"counting to","match":"counting to"}},"methods":{"kinesthetic":{"trigger":"manipulative","match":"manipulatives","negated":false}},"outcome":[{"word":"mastered","trigger":"mastered","negated":false,"polarity":"positive"}]},"lexicon":"1.4"}'),
  ('00000000-0000-0000-0005-000000000023', '00000000-0000-0000-0002-000000000002', '00000000-0000-0000-0004-000000000005', '00000000-0000-0000-0003-000000000003', 'Wrote a full sentence independently with correct spelling.', 'literacy', NOW() - INTERVAL '1 days', 'teacher', 'HIGH', 4, '{"students":[],"context":"literacy","skills":["writing"],"methods":[{"key":"independent","label":"Independent practice","negated":false,"source":"auto"}],"outcome":"positive","confidence":"HIGH","confidenceScore":4,"flags":["no_student_matched"],"llmFallbackSuggested":false,"signalStrength":4,"suggestions":{"skills":["independence"],"methods":[]},"evidence":{"skills":{"writing":{"trigger":"wrote","match":"wrote"}},"methods":{"independent":{"trigger":"independently","match":"independently","negated":false}},"outcome":[{"word":"independently","trigger":"independently","negated":false,"polarity":"positive"},{"word":"correct","trigger":"correct","negated":false,"polarity":"positive"}]},"lexicon":"1.4"}'),
  ('00000000-0000-0000-0005-000000000024', '00000000-0000-0000-0002-000000000002', '00000000-0000-0000-0004-000000000006', '00000000-0000-0000-0003-000000000003', 'Struggled with phonics and could not decode simple sounds.', 'literacy', NOW() - INTERVAL '23 days', 'teacher', 'HIGH', 3, '{"students":[],"context":"literacy","skills":["phonics"],"methods":[],"outcome":"negative","confidence":"HIGH","confidenceScore":3,"flags":["no_student_matched"],"llmFallbackSuggested":false,"signalStrength":3,"suggestions":{"skills":[],"methods":[]},"evidence":{"skills":{"phonics":{"trigger":"phonics","match":"phonics"}},"methods":{},"outcome":[{"word":"struggled","trigger":"struggled","negated":false,"polarity":"negative"},{"word":"could not","trigger":"could not","negated":false,"polarity":"negative"}]},"lexicon":"1.4"}'),
  ('00000000-0000-0000-0005-000000000025', '00000000-0000-0000-0002-000000000002', '00000000-0000-0000-0004-000000000006', '00000000-0000-0000-0003-000000000003', 'Had difficulty counting and confused numbers on the number line.', 'maths', NOW() - INTERVAL '18 days', 'teacher', 'HIGH', 4, '{"students":[],"context":"maths","skills":["counting"],"methods":[{"key":"visual","label":"Visual / Picture cues","negated":false,"source":"auto"}],"outcome":"negative","confidence":"HIGH","confidenceScore":4,"flags":["no_student_matched"],"llmFallbackSuggested":false,"signalStrength":4,"suggestions":{"skills":["number_recognition"],"methods":[]},"evidence":{"skills":{"counting":{"trigger":"counting","match":"counting"}},"methods":{"visual":{"trigger":"number line","match":"number line","negated":false}},"outcome":[{"word":"difficulty","trigger":"difficulty","negated":false,"polarity":"negative"},{"word":"confused","trigger":"confused","negated":false,"polarity":"negative"}]},"lexicon":"1.4"}'),
  ('00000000-0000-0000-0005-000000000026', '00000000-0000-0000-0002-000000000002', '00000000-0000-0000-0004-000000000006', '00000000-0000-0000-0003-000000000004', 'Refused to participate in group work and had a meltdown.', 'behaviour', NOW() - INTERVAL '11 days', 'specialist', 'HIGH', 4, '{"students":[],"context":"behaviour","skills":["self_regulation"],"methods":[{"key":"small_group","label":"Small group","negated":true,"source":"auto"}],"outcome":"negative","confidence":"HIGH","confidenceScore":4,"flags":["no_student_matched"],"llmFallbackSuggested":false,"signalStrength":4,"suggestions":{"skills":["engagement"],"methods":[]},"evidence":{"skills":{"self_regulation":{"trigger":"meltdown","match":"meltdown"}},"methods":{"small_group":{"trigger":"group work","match":"group work","negated":true}},"outcome":[{"word":"refused","trigger":"refused","negated":false,"polarity":"negative"}]},"lexicon":"1.4"}'),
  ('00000000-0000-0000-0005-000000000027', '00000000-0000-0000-0002-000000000002', '00000000-0000-0000-0004-000000000006', '00000000-0000-0000-0003-000000000004', 'Could not sound out CVC words even with verbal prompting.', 'literacy', NOW() - INTERVAL '4 days', 'specialist', 'HIGH', 3, '{"students":[],"context":"literacy","skills":["phonics"],"methods":[],"outcome":"negative","confidence":"HIGH","confidenceScore":3,"flags":["no_student_matched"],"llmFallbackSuggested":false,"signalStrength":3,"suggestions":{"skills":[],"methods":[]},"evidence":{"skills":{"phonics":{"trigger":"cvc","match":"cvc"}},"methods":{},"outcome":[{"word":"could not","trigger":"could not","negated":false,"polarity":"negative"}]},"lexicon":"1.4"}'),
  ('00000000-0000-0000-0005-000000000028', '00000000-0000-0000-0002-000000000002', '00000000-0000-0000-0004-000000000007', '00000000-0000-0000-0003-000000000003', 'Shared materials and took turns with peers all morning.', 'social', NOW() - INTERVAL '22 days', 'teacher', 'MEDIUM', 2, '{"students":[],"context":"social","skills":["turn_taking","sharing_cooperation","peer_interaction"],"methods":[],"outcome":"unknown","confidence":"MEDIUM","confidenceScore":2,"flags":["no_student_matched"],"llmFallbackSuggested":false,"signalStrength":2,"suggestions":{"skills":[],"methods":[]},"evidence":{"skills":{"turn_taking":{"trigger":"took turns","match":"took turns"},"sharing_cooperation":{"trigger":"shared materials","match":"shared materials"},"peer_interaction":{"trigger":"with peers","match":"with peers"}},"methods":{},"outcome":[]},"lexicon":"1.4"}'),
  ('00000000-0000-0000-0005-000000000029', '00000000-0000-0000-0002-000000000002', '00000000-0000-0000-0004-000000000007', '00000000-0000-0000-0003-000000000003', 'Collaborated in small group work and helped a peer — her teamwork has really improved.', 'social', NOW() - INTERVAL '15 days', 'teacher', 'HIGH', 4, '{"students":[],"context":"social","skills":["collaboration","peer_interaction"],"methods":[{"key":"small_group","label":"Small group","negated":false,"source":"auto"}],"outcome":"positive","confidence":"HIGH","confidenceScore":4,"flags":["no_student_matched"],"llmFallbackSuggested":false,"signalStrength":4,"suggestions":{"skills":[],"methods":[]},"evidence":{"skills":{"collaboration":{"trigger":"teamwork","match":"teamwork"},"peer_interaction":{"trigger":"helped a peer","match":"helped a peer"}},"methods":{"small_group":{"trigger":"small group","match":"small group","negated":false}},"outcome":[{"word":"improved","trigger":"improved","negated":false,"polarity":"positive"}]},"lexicon":"1.4"}'),
  ('00000000-0000-0000-0005-000000000030', '00000000-0000-0000-0002-000000000002', '00000000-0000-0000-0004-000000000007', '00000000-0000-0000-0003-000000000003', 'Expressed her ideas clearly and raised her hand to contribute.', 'social', NOW() - INTERVAL '7 days', 'teacher', 'MEDIUM', 2, '{"students":[],"context":"social","skills":["communication"],"methods":[],"outcome":"unknown","confidence":"MEDIUM","confidenceScore":2,"flags":["no_student_matched"],"llmFallbackSuggested":false,"signalStrength":2,"suggestions":{"skills":[],"methods":[]},"evidence":{"skills":{"communication":{"trigger":"raised her hand","match":"raised her hand"}},"methods":{},"outcome":[]},"lexicon":"1.4"}'),
  ('00000000-0000-0000-0005-000000000031', '00000000-0000-0000-0002-000000000002', '00000000-0000-0000-0004-000000000007', '00000000-0000-0000-0003-000000000003', 'Solved the puzzle using a new strategy and persisted when stuck.', 'maths', NOW() - INTERVAL '3 days', 'teacher', 'MEDIUM', 2, '{"students":[],"context":"maths","skills":[],"methods":[],"outcome":"unknown","confidence":"MEDIUM","confidenceScore":2,"flags":["no_student_matched"],"llmFallbackSuggested":false,"signalStrength":2,"suggestions":{"skills":["problem_solving"],"methods":[]},"evidence":{"skills":{},"methods":{},"outcome":[]},"lexicon":"1.4"}'),
  ('00000000-0000-0000-0005-000000000032', '00000000-0000-0000-0002-000000000002', '00000000-0000-0000-0004-000000000008', '00000000-0000-0000-0003-000000000003', 'Struggled today.', 'other', NOW() - INTERVAL '14 days', 'teacher', 'MEDIUM', 1, '{"students":[],"context":"other","skills":[],"methods":[],"outcome":"negative","confidence":"MEDIUM","confidenceScore":1,"flags":["no_student_matched","note_too_short"],"llmFallbackSuggested":false,"signalStrength":1,"suggestions":{"skills":[],"methods":[]},"evidence":{"skills":{},"methods":{},"outcome":[{"word":"struggled","trigger":"struggled","negated":false,"polarity":"negative"}]},"lexicon":"1.4"}'),
  ('00000000-0000-0000-0005-000000000033', '00000000-0000-0000-0002-000000000002', '00000000-0000-0000-0004-000000000008', '00000000-0000-0000-0003-000000000003', 'Practiced counting to ten with counters today.', 'maths', NOW() - INTERVAL '6 days', 'teacher', 'MEDIUM', 2, '{"students":[],"context":"maths","skills":["counting"],"methods":[],"outcome":"unknown","confidence":"MEDIUM","confidenceScore":2,"flags":["no_student_matched"],"llmFallbackSuggested":false,"signalStrength":2,"suggestions":{"skills":[],"methods":[{"key":"kinesthetic","label":"Hands-on / Manipulatives","negated":false},{"key":"repetition","label":"Repetition / Practice","negated":false}]},"evidence":{"skills":{"counting":{"trigger":"counting to","match":"counting to"}},"methods":{},"outcome":[]},"lexicon":"1.4"}'),
  ('00000000-0000-0000-0005-000000000034', '00000000-0000-0000-0002-000000000002', '00000000-0000-0000-0004-000000000008', '00000000-0000-0000-0003-000000000003', 'Asked for help.', 'social', NOW() - INTERVAL '2 days', 'teacher', 'MEDIUM', 2, '{"students":[],"context":"social","skills":["communication"],"methods":[],"outcome":"unknown","confidence":"MEDIUM","confidenceScore":2,"flags":["no_student_matched","note_too_short"],"llmFallbackSuggested":false,"signalStrength":2,"suggestions":{"skills":[],"methods":[]},"evidence":{"skills":{"communication":{"trigger":"asked for help","match":"asked for help"}},"methods":{},"outcome":[]},"lexicon":"1.4"}'),
  ('00000000-0000-0000-0005-000000000035', '00000000-0000-0000-0002-000000000003', '00000000-0000-0000-0004-000000000009', '00000000-0000-0000-0003-000000000005', 'Named every letter in her name and matched three uppercase letters to lowercase — so proud of her.', 'literacy', NOW() - INTERVAL '6 days', 'teacher', 'HIGH', 3, '{"students":[],"context":"literacy","skills":["letter_knowledge"],"methods":[],"outcome":"positive","confidence":"HIGH","confidenceScore":3,"flags":["no_student_matched"],"llmFallbackSuggested":false,"signalStrength":3,"suggestions":{"skills":[],"methods":[]},"evidence":{"skills":{"letter_knowledge":{"trigger":"uppercase letters","match":"uppercase letters"}},"methods":{},"outcome":[{"word":"proud","trigger":"proud","negated":false,"polarity":"positive"}]},"lexicon":"1.4"}'),
  ('00000000-0000-0000-0005-000000000036', '00000000-0000-0000-0002-000000000003', '00000000-0000-0000-0004-000000000009', '00000000-0000-0000-0003-000000000005', 'Shared the blocks and took turns with a friend during free play.', 'social', NOW() - INTERVAL '2 days', 'teacher', 'MEDIUM', 2, '{"students":[],"context":"social","skills":["turn_taking","sharing_cooperation","peer_interaction"],"methods":[],"outcome":"unknown","confidence":"MEDIUM","confidenceScore":2,"flags":["no_student_matched"],"llmFallbackSuggested":false,"signalStrength":2,"suggestions":{"skills":[],"methods":[{"key":"kinesthetic","label":"Hands-on / Manipulatives","negated":false}]},"evidence":{"skills":{"turn_taking":{"trigger":"took turns","match":"took turns"},"sharing_cooperation":{"trigger":"shared the","match":"shared the"},"peer_interaction":{"trigger":"with a friend","match":"with a friend"}},"methods":{},"outcome":[]},"lexicon":"1.4"}'),
  ('00000000-0000-0000-0005-000000000037', '00000000-0000-0000-0002-000000000003', '00000000-0000-0000-0004-000000000010', '00000000-0000-0000-0003-000000000005', 'Counted ten bears one to one and got them all correct.', 'maths', NOW() - INTERVAL '7 days', 'teacher', 'HIGH', 3, '{"students":[],"context":"maths","skills":["counting","one_to_one"],"methods":[],"outcome":"positive","confidence":"HIGH","confidenceScore":3,"flags":["no_student_matched"],"llmFallbackSuggested":false,"signalStrength":3,"suggestions":{"skills":[],"methods":[]},"evidence":{"skills":{"counting":{"trigger":"counted","match":"counted"},"one_to_one":{"trigger":"one to one","match":"one to one"}},"methods":{},"outcome":[{"word":"correct","trigger":"correct","negated":false,"polarity":"positive"}]},"lexicon":"1.4"}'),
  ('00000000-0000-0000-0005-000000000038', '00000000-0000-0000-0002-000000000003', '00000000-0000-0000-0004-000000000010', '00000000-0000-0000-0003-000000000005', 'Cut along the line with scissors with good control, improving well.', 'motor', NOW() - INTERVAL '3 days', 'teacher', 'HIGH', 3, '{"students":[],"context":"motor","skills":["fine_motor"],"methods":[],"outcome":"positive","confidence":"HIGH","confidenceScore":3,"flags":["no_student_matched"],"llmFallbackSuggested":false,"signalStrength":3,"suggestions":{"skills":[],"methods":[]},"evidence":{"skills":{"fine_motor":{"trigger":"cut along","match":"cut along"}},"methods":{},"outcome":[{"word":"improve","trigger":"improved","negated":false,"polarity":"positive"}]},"lexicon":"1.4"}'),
  ('00000000-0000-0000-0005-000000000039', '00000000-0000-0000-0002-000000000003', '00000000-0000-0000-0004-000000000011', '00000000-0000-0000-0003-000000000005', 'Recognized some letters but struggled to stay focused during circle time.', 'literacy', NOW() - INTERVAL '11 days', 'teacher', 'HIGH', 4, '{"students":[],"context":"literacy","skills":[],"methods":[{"key":"whole_group","label":"Whole group","negated":false,"source":"auto"}],"outcome":"negative","confidence":"HIGH","confidenceScore":4,"flags":["no_student_matched"],"llmFallbackSuggested":false,"signalStrength":4,"suggestions":{"skills":["engagement"],"methods":[]},"evidence":{"skills":{},"methods":{"whole_group":{"trigger":"circle time","match":"circle time","negated":false}},"outcome":[{"word":"struggled","trigger":"struggled","negated":false,"polarity":"negative"}]},"lexicon":"1.4"}'),
  ('00000000-0000-0000-0005-000000000040', '00000000-0000-0000-0002-000000000003', '00000000-0000-0000-0004-000000000011', '00000000-0000-0000-0003-000000000005', 'Settled after a verbal prompt and joined the group.', 'behaviour', NOW() - INTERVAL '4 days', 'teacher', 'HIGH', 3, '{"students":[],"context":"behaviour","skills":["peer_interaction"],"methods":[{"key":"verbal_prompt","label":"Verbal prompt / Cue","negated":false,"source":"auto"}],"outcome":"unknown","confidence":"HIGH","confidenceScore":3,"flags":["no_student_matched"],"llmFallbackSuggested":false,"signalStrength":3,"suggestions":{"skills":["addition"],"methods":[]},"evidence":{"skills":{"peer_interaction":{"trigger":"joined the group","match":"joined the group"}},"methods":{"verbal_prompt":{"trigger":"verbal prompt","match":"verbal prompt","negated":false}},"outcome":[]},"lexicon":"1.4"}'),
  ('00000000-0000-0000-0005-000000000041', '00000000-0000-0000-0002-000000000003', '00000000-0000-0000-0004-000000000012', '00000000-0000-0000-0003-000000000004', 'Struggled to self-regulate and could not calm down during group work.', 'behaviour', NOW() - INTERVAL '12 days', 'specialist', 'HIGH', 4, '{"students":[],"context":"behaviour","skills":["self_regulation"],"methods":[{"key":"small_group","label":"Small group","negated":true,"source":"auto"}],"outcome":"negative","confidence":"HIGH","confidenceScore":4,"flags":["no_student_matched"],"llmFallbackSuggested":false,"signalStrength":4,"suggestions":{"skills":[],"methods":[]},"evidence":{"skills":{"self_regulation":{"trigger":"self-regulate","match":"self-regulate"}},"methods":{"small_group":{"trigger":"group work","match":"group work","negated":true}},"outcome":[{"word":"struggled","trigger":"struggled","negated":false,"polarity":"negative"},{"word":"could not","trigger":"could not","negated":false,"polarity":"negative"}]},"lexicon":"1.4"}'),
  ('00000000-0000-0000-0005-000000000042', '00000000-0000-0000-0002-000000000003', '00000000-0000-0000-0004-000000000012', '00000000-0000-0000-0003-000000000005', 'Struggled to self-regulate and would not settle during group work.', 'behaviour', NOW() - INTERVAL '7 days', 'teacher', 'HIGH', 4, '{"students":[],"context":"behaviour","skills":["self_regulation"],"methods":[{"key":"small_group","label":"Small group","negated":true,"source":"auto"}],"outcome":"negative","confidence":"HIGH","confidenceScore":4,"flags":["no_student_matched"],"llmFallbackSuggested":false,"signalStrength":4,"suggestions":{"skills":[],"methods":[]},"evidence":{"skills":{"self_regulation":{"trigger":"self-regulate","match":"self-regulate"}},"methods":{"small_group":{"trigger":"group work","match":"group work","negated":true}},"outcome":[{"word":"struggled","trigger":"struggled","negated":false,"polarity":"negative"}]},"lexicon":"1.4"}'),
  ('00000000-0000-0000-0005-000000000043', '00000000-0000-0000-0002-000000000003', '00000000-0000-0000-0004-000000000012', '00000000-0000-0000-0003-000000000005', 'Struggled to self-regulate and refused to join group work again.', 'behaviour', NOW() - INTERVAL '3 days', 'teacher', 'HIGH', 4, '{"students":[],"context":"behaviour","skills":["self_regulation"],"methods":[{"key":"small_group","label":"Small group","negated":true,"source":"auto"}],"outcome":"negative","confidence":"HIGH","confidenceScore":4,"flags":["no_student_matched"],"llmFallbackSuggested":false,"signalStrength":4,"suggestions":{"skills":["addition"],"methods":[]},"evidence":{"skills":{"self_regulation":{"trigger":"self-regulate","match":"self-regulate"}},"methods":{"small_group":{"trigger":"group work","match":"group work","negated":true}},"outcome":[{"word":"struggled","trigger":"struggled","negated":false,"polarity":"negative"},{"word":"refused","trigger":"refused","negated":false,"polarity":"negative"}]},"lexicon":"1.4"}'),
  ('00000000-0000-0000-0005-000000000044', '00000000-0000-0000-0002-000000000003', '00000000-0000-0000-0004-000000000013', '00000000-0000-0000-0003-000000000005', 'Practiced her pencil grip with one-on-one support.', 'motor', NOW() - INTERVAL '22 days', 'teacher', 'HIGH', 3, '{"students":[],"context":"motor","skills":["fine_motor"],"methods":[{"key":"one_on_one","label":"1-on-1 support","negated":false,"source":"auto"}],"outcome":"unknown","confidence":"HIGH","confidenceScore":3,"flags":["no_student_matched"],"llmFallbackSuggested":false,"signalStrength":3,"suggestions":{"skills":[],"methods":[{"key":"repetition","label":"Repetition / Practice","negated":false}]},"evidence":{"skills":{"fine_motor":{"trigger":"pencil grip","match":"pencil grip"}},"methods":{"one_on_one":{"trigger":"one-on-one","match":"one-on-one","negated":false}},"outcome":[]},"lexicon":"1.4"}'),
  ('00000000-0000-0000-0005-000000000045', '00000000-0000-0000-0002-000000000003', '00000000-0000-0000-0004-000000000014', '00000000-0000-0000-0003-000000000005', 'Tough morning.', 'other', NOW() - INTERVAL '6 days', 'teacher', 'LOW', 0, '{"students":[],"context":"other","skills":[],"methods":[],"outcome":"unknown","confidence":"LOW","confidenceScore":0,"flags":["no_student_matched","note_too_short"],"llmFallbackSuggested":true,"signalStrength":0,"suggestions":{"skills":[],"methods":[]},"evidence":{"skills":{},"methods":{},"outcome":[]},"lexicon":"1.4"}'),
  ('00000000-0000-0000-0005-000000000046', '00000000-0000-0000-0002-000000000004', '00000000-0000-0000-0004-000000000015', '00000000-0000-0000-0003-000000000006', 'Read the passage and answered comprehension questions independently.', 'literacy', NOW() - INTERVAL '7 days', 'teacher', 'HIGH', 4, '{"students":[],"context":"literacy","skills":["reading_comprehension","reading"],"methods":[{"key":"independent","label":"Independent practice","negated":false,"source":"auto"}],"outcome":"positive","confidence":"HIGH","confidenceScore":4,"flags":["no_student_matched"],"llmFallbackSuggested":false,"signalStrength":4,"suggestions":{"skills":["independence"],"methods":[]},"evidence":{"skills":{"reading_comprehension":{"trigger":"comprehension","match":"comprehension"},"reading":{"trigger":"read the passage","match":"read the passage"}},"methods":{"independent":{"trigger":"independently","match":"independently","negated":false}},"outcome":[{"word":"independently","trigger":"independently","negated":false,"polarity":"positive"}]},"lexicon":"1.4"}'),
  ('00000000-0000-0000-0005-000000000047', '00000000-0000-0000-0002-000000000004', '00000000-0000-0000-0004-000000000015', '00000000-0000-0000-0003-000000000006', 'Mastered counting to 50 using manipulatives, no help needed.', 'maths', NOW() - INTERVAL '3 days', 'teacher', 'HIGH', 4, '{"students":[],"context":"maths","skills":["counting"],"methods":[{"key":"kinesthetic","label":"Hands-on / Manipulatives","negated":false,"source":"auto"}],"outcome":"positive","confidence":"HIGH","confidenceScore":4,"flags":["no_student_matched"],"llmFallbackSuggested":false,"signalStrength":4,"suggestions":{"skills":[],"methods":[]},"evidence":{"skills":{"counting":{"trigger":"counting to","match":"counting to"}},"methods":{"kinesthetic":{"trigger":"manipulative","match":"manipulatives","negated":false}},"outcome":[{"word":"mastered","trigger":"mastered","negated":false,"polarity":"positive"}]},"lexicon":"1.4"}'),
  ('00000000-0000-0000-0005-000000000048', '00000000-0000-0000-0002-000000000004', '00000000-0000-0000-0004-000000000016', '00000000-0000-0000-0003-000000000006', 'Collaborated well and helped a peer during small group work.', 'social', NOW() - INTERVAL '8 days', 'teacher', 'HIGH', 3, '{"students":[],"context":"social","skills":["peer_interaction"],"methods":[{"key":"small_group","label":"Small group","negated":false,"source":"auto"}],"outcome":"unknown","confidence":"HIGH","confidenceScore":3,"flags":["no_student_matched"],"llmFallbackSuggested":false,"signalStrength":3,"suggestions":{"skills":["collaboration"],"methods":[]},"evidence":{"skills":{"peer_interaction":{"trigger":"helped a peer","match":"helped a peer"}},"methods":{"small_group":{"trigger":"small group","match":"small group","negated":false}},"outcome":[]},"lexicon":"1.4"}'),
  ('00000000-0000-0000-0005-000000000049', '00000000-0000-0000-0002-000000000004', '00000000-0000-0000-0004-000000000016', '00000000-0000-0000-0003-000000000006', 'Decoded 9 of 10 sounds independently — really coming along.', 'literacy', NOW() - INTERVAL '2 days', 'teacher', 'HIGH', 4, '{"students":[],"context":"literacy","skills":[],"methods":[{"key":"independent","label":"Independent practice","negated":false,"source":"auto"}],"outcome":"positive","confidence":"HIGH","confidenceScore":4,"flags":["no_student_matched"],"llmFallbackSuggested":false,"signalStrength":4,"suggestions":{"skills":["phonics","independence"],"methods":[]},"evidence":{"skills":{},"methods":{"independent":{"trigger":"independently","match":"independently","negated":false}},"outcome":[{"word":"independently","trigger":"independently","negated":false,"polarity":"positive"}]},"lexicon":"1.4"}'),
  ('00000000-0000-0000-0005-000000000050', '00000000-0000-0000-0002-000000000004', '00000000-0000-0000-0004-000000000017', '00000000-0000-0000-0003-000000000006', 'Completed the number line with support but struggled when working alone.', 'maths', NOW() - INTERVAL '10 days', 'teacher', 'HIGH', 4, '{"students":[],"context":"maths","skills":[],"methods":[{"key":"visual","label":"Visual / Picture cues","negated":false,"source":"auto"}],"outcome":"negative","confidence":"HIGH","confidenceScore":4,"flags":["no_student_matched"],"llmFallbackSuggested":false,"signalStrength":4,"suggestions":{"skills":["number_recognition"],"methods":[{"key":"independent","label":"Independent practice","negated":false}]},"evidence":{"skills":{},"methods":{"visual":{"trigger":"number line","match":"number line","negated":false}},"outcome":[{"word":"struggled","trigger":"struggled","negated":false,"polarity":"negative"}]},"lexicon":"1.4"}'),
  ('00000000-0000-0000-0005-000000000051', '00000000-0000-0000-0002-000000000004', '00000000-0000-0000-0004-000000000017', '00000000-0000-0000-0003-000000000006', 'Figured out the tricky word after trying again.', 'literacy', NOW() - INTERVAL '4 days', 'teacher', 'MEDIUM', 2, '{"students":[],"context":"literacy","skills":["sight_words","problem_solving"],"methods":[],"outcome":"unknown","confidence":"MEDIUM","confidenceScore":2,"flags":["no_student_matched"],"llmFallbackSuggested":false,"signalStrength":2,"suggestions":{"skills":[],"methods":[]},"evidence":{"skills":{"sight_words":{"trigger":"tricky word","match":"tricky word"},"problem_solving":{"trigger":"figured out","match":"figured out"}},"methods":{},"outcome":[]},"lexicon":"1.4"}'),
  ('00000000-0000-0000-0005-000000000052', '00000000-0000-0000-0002-000000000004', '00000000-0000-0000-0004-000000000018', '00000000-0000-0000-0003-000000000006', 'Struggled to read and could not decode words during group work.', 'literacy', NOW() - INTERVAL '13 days', 'teacher', 'HIGH', 4, '{"students":[],"context":"literacy","skills":["phonics"],"methods":[{"key":"small_group","label":"Small group","negated":true,"source":"auto"}],"outcome":"negative","confidence":"HIGH","confidenceScore":4,"flags":["no_student_matched"],"llmFallbackSuggested":false,"signalStrength":4,"suggestions":{"skills":[],"methods":[]},"evidence":{"skills":{"phonics":{"trigger":"decode","match":"decode"}},"methods":{"small_group":{"trigger":"group work","match":"group work","negated":true}},"outcome":[{"word":"struggled","trigger":"struggled","negated":false,"polarity":"negative"},{"word":"could not","trigger":"could not","negated":false,"polarity":"negative"}]},"lexicon":"1.4"}'),
  ('00000000-0000-0000-0005-000000000053', '00000000-0000-0000-0002-000000000004', '00000000-0000-0000-0004-000000000018', '00000000-0000-0000-0003-000000000004', 'Struggled to read and could not decode words during group work today.', 'literacy', NOW() - INTERVAL '7 days', 'specialist', 'HIGH', 4, '{"students":[],"context":"literacy","skills":["phonics"],"methods":[{"key":"small_group","label":"Small group","negated":true,"source":"auto"}],"outcome":"negative","confidence":"HIGH","confidenceScore":4,"flags":["no_student_matched"],"llmFallbackSuggested":false,"signalStrength":4,"suggestions":{"skills":[],"methods":[]},"evidence":{"skills":{"phonics":{"trigger":"decode","match":"decode"}},"methods":{"small_group":{"trigger":"group work","match":"group work","negated":true}},"outcome":[{"word":"struggled","trigger":"struggled","negated":false,"polarity":"negative"},{"word":"could not","trigger":"could not","negated":false,"polarity":"negative"}]},"lexicon":"1.4"}'),
  ('00000000-0000-0000-0005-000000000054', '00000000-0000-0000-0002-000000000004', '00000000-0000-0000-0004-000000000018', '00000000-0000-0000-0003-000000000006', 'Struggled to read and could not decode words during group work again.', 'literacy', NOW() - INTERVAL '3 days', 'teacher', 'HIGH', 4, '{"students":[],"context":"literacy","skills":["phonics"],"methods":[{"key":"small_group","label":"Small group","negated":true,"source":"auto"}],"outcome":"negative","confidence":"HIGH","confidenceScore":4,"flags":["no_student_matched"],"llmFallbackSuggested":false,"signalStrength":4,"suggestions":{"skills":[],"methods":[]},"evidence":{"skills":{"phonics":{"trigger":"decode","match":"decode"}},"methods":{"small_group":{"trigger":"group work","match":"group work","negated":true}},"outcome":[{"word":"struggled","trigger":"struggled","negated":false,"polarity":"negative"},{"word":"could not","trigger":"could not","negated":false,"polarity":"negative"}]},"lexicon":"1.4"}'),
  ('00000000-0000-0000-0005-000000000055', '00000000-0000-0000-0002-000000000004', '00000000-0000-0000-0004-000000000019', '00000000-0000-0000-0003-000000000006', 'Wrote a short sentence with one-on-one support.', 'literacy', NOW() - INTERVAL '20 days', 'teacher', 'HIGH', 3, '{"students":[],"context":"literacy","skills":["writing"],"methods":[{"key":"one_on_one","label":"1-on-1 support","negated":false,"source":"auto"}],"outcome":"unknown","confidence":"HIGH","confidenceScore":3,"flags":["no_student_matched"],"llmFallbackSuggested":false,"signalStrength":3,"suggestions":{"skills":[],"methods":[]},"evidence":{"skills":{"writing":{"trigger":"wrote","match":"wrote"}},"methods":{"one_on_one":{"trigger":"one-on-one","match":"one-on-one","negated":false}},"outcome":[]},"lexicon":"1.4"}'),
  ('00000000-0000-0000-0005-000000000056', '00000000-0000-0000-0002-000000000004', '00000000-0000-0000-0004-000000000020', '00000000-0000-0000-0003-000000000006', 'Asked for help.', 'other', NOW() - INTERVAL '6 days', 'teacher', 'MEDIUM', 2, '{"students":[],"context":"other","skills":["communication"],"methods":[],"outcome":"unknown","confidence":"MEDIUM","confidenceScore":2,"flags":["no_student_matched","note_too_short"],"llmFallbackSuggested":false,"signalStrength":2,"suggestions":{"skills":[],"methods":[]},"evidence":{"skills":{"communication":{"trigger":"asked for help","match":"asked for help"}},"methods":{},"outcome":[]},"lexicon":"1.4"}'),
  ('00000000-0000-0000-0005-000000000057', '00000000-0000-0000-0002-000000000005', '00000000-0000-0000-0004-000000000021', '00000000-0000-0000-0003-000000000007', 'Read a grade-2 passage fluently and summarized it accurately on her own.', 'literacy', NOW() - INTERVAL '7 days', 'teacher', 'HIGH', 4, '{"students":[],"context":"literacy","skills":[],"methods":[{"key":"independent","label":"Independent practice","negated":false,"source":"auto"}],"outcome":"positive","confidence":"HIGH","confidenceScore":4,"flags":["no_student_matched"],"llmFallbackSuggested":false,"signalStrength":4,"suggestions":{"skills":["independence"],"methods":[]},"evidence":{"skills":{},"methods":{"independent":{"trigger":"on her own","match":"on her own","negated":false}},"outcome":[{"word":"accurately","trigger":"accurately","negated":false,"polarity":"positive"}]},"lexicon":"1.4"}'),
  ('00000000-0000-0000-0005-000000000058', '00000000-0000-0000-0002-000000000005', '00000000-0000-0000-0004-000000000021', '00000000-0000-0000-0003-000000000007', 'Solved two-digit addition problems independently and got them all correct.', 'maths', NOW() - INTERVAL '3 days', 'teacher', 'HIGH', 4, '{"students":[],"context":"maths","skills":["addition"],"methods":[{"key":"independent","label":"Independent practice","negated":false,"source":"auto"}],"outcome":"positive","confidence":"HIGH","confidenceScore":4,"flags":["no_student_matched"],"llmFallbackSuggested":false,"signalStrength":4,"suggestions":{"skills":["independence"],"methods":[]},"evidence":{"skills":{"addition":{"trigger":"addition","match":"addition"}},"methods":{"independent":{"trigger":"independently","match":"independently","negated":false}},"outcome":[{"word":"independently","trigger":"independently","negated":false,"polarity":"positive"},{"word":"correct","trigger":"correct","negated":false,"polarity":"positive"}]},"lexicon":"1.4"}'),
  ('00000000-0000-0000-0005-000000000059', '00000000-0000-0000-0002-000000000005', '00000000-0000-0000-0004-000000000022', '00000000-0000-0000-0003-000000000007', 'Mastered his addition facts to 20 — knows them cold now.', 'maths', NOW() - INTERVAL '8 days', 'teacher', 'HIGH', 3, '{"students":[],"context":"maths","skills":["addition"],"methods":[],"outcome":"positive","confidence":"HIGH","confidenceScore":3,"flags":["no_student_matched"],"llmFallbackSuggested":false,"signalStrength":3,"suggestions":{"skills":[],"methods":[]},"evidence":{"skills":{"addition":{"trigger":"addition","match":"addition"}},"methods":{},"outcome":[{"word":"mastered","trigger":"mastered","negated":false,"polarity":"positive"}]},"lexicon":"1.4"}'),
  ('00000000-0000-0000-0005-000000000060', '00000000-0000-0000-0002-000000000005', '00000000-0000-0000-0004-000000000022', '00000000-0000-0000-0003-000000000007', 'Expressed his ideas clearly and took turns during group discussion.', 'social', NOW() - INTERVAL '2 days', 'teacher', 'MEDIUM', 2, '{"students":[],"context":"social","skills":["communication","turn_taking"],"methods":[],"outcome":"unknown","confidence":"MEDIUM","confidenceScore":2,"flags":["no_student_matched"],"llmFallbackSuggested":false,"signalStrength":2,"suggestions":{"skills":[],"methods":[]},"evidence":{"skills":{"communication":{"trigger":"expressed","match":"expressed"},"turn_taking":{"trigger":"took turns","match":"took turns"}},"methods":{},"outcome":[]},"lexicon":"1.4"}'),
  ('00000000-0000-0000-0005-000000000061', '00000000-0000-0000-0002-000000000005', '00000000-0000-0000-0004-000000000023', '00000000-0000-0000-0003-000000000007', 'Read with good accuracy but struggled to stay focused during independent work.', 'literacy', NOW() - INTERVAL '11 days', 'teacher', 'HIGH', 4, '{"students":[],"context":"literacy","skills":[],"methods":[{"key":"independent","label":"Independent practice","negated":false,"source":"auto"}],"outcome":"negative","confidence":"HIGH","confidenceScore":4,"flags":["no_student_matched"],"llmFallbackSuggested":false,"signalStrength":4,"suggestions":{"skills":["engagement"],"methods":[]},"evidence":{"skills":{},"methods":{"independent":{"trigger":"independent work","match":"independent work","negated":false}},"outcome":[{"word":"struggled","trigger":"struggled","negated":false,"polarity":"negative"}]},"lexicon":"1.4"}'),
  ('00000000-0000-0000-0005-000000000062', '00000000-0000-0000-0002-000000000005', '00000000-0000-0000-0004-000000000023', '00000000-0000-0000-0003-000000000007', 'Persisted and solved the word problem after trying a new strategy.', 'maths', NOW() - INTERVAL '4 days', 'teacher', 'MEDIUM', 2, '{"students":[],"context":"maths","skills":[],"methods":[],"outcome":"unknown","confidence":"MEDIUM","confidenceScore":2,"flags":["no_student_matched"],"llmFallbackSuggested":false,"signalStrength":2,"suggestions":{"skills":["problem_solving"],"methods":[]},"evidence":{"skills":{},"methods":{},"outcome":[]},"lexicon":"1.4"}'),
  ('00000000-0000-0000-0005-000000000063', '00000000-0000-0000-0002-000000000005', '00000000-0000-0000-0004-000000000024', '00000000-0000-0000-0003-000000000007', 'Struggled with counting and could not keep up during group work.', 'maths', NOW() - INTERVAL '12 days', 'teacher', 'HIGH', 4, '{"students":[],"context":"maths","skills":["counting"],"methods":[{"key":"small_group","label":"Small group","negated":true,"source":"auto"}],"outcome":"negative","confidence":"HIGH","confidenceScore":4,"flags":["no_student_matched"],"llmFallbackSuggested":false,"signalStrength":4,"suggestions":{"skills":[],"methods":[]},"evidence":{"skills":{"counting":{"trigger":"counting","match":"counting"}},"methods":{"small_group":{"trigger":"group work","match":"group work","negated":true}},"outcome":[{"word":"struggled","trigger":"struggled","negated":false,"polarity":"negative"},{"word":"could not","trigger":"could not","negated":false,"polarity":"negative"}]},"lexicon":"1.4"}'),
  ('00000000-0000-0000-0005-000000000064', '00000000-0000-0000-0002-000000000005', '00000000-0000-0000-0004-000000000024', '00000000-0000-0000-0003-000000000004', 'Struggled with counting and would not participate in group work.', 'maths', NOW() - INTERVAL '7 days', 'specialist', 'HIGH', 4, '{"students":[],"context":"maths","skills":["counting"],"methods":[{"key":"small_group","label":"Small group","negated":true,"source":"auto"}],"outcome":"negative","confidence":"HIGH","confidenceScore":4,"flags":["no_student_matched"],"llmFallbackSuggested":false,"signalStrength":4,"suggestions":{"skills":["engagement"],"methods":[]},"evidence":{"skills":{"counting":{"trigger":"counting","match":"counting"}},"methods":{"small_group":{"trigger":"group work","match":"group work","negated":true}},"outcome":[{"word":"struggled","trigger":"struggled","negated":false,"polarity":"negative"}]},"lexicon":"1.4"}'),
  ('00000000-0000-0000-0005-000000000065', '00000000-0000-0000-0002-000000000005', '00000000-0000-0000-0004-000000000024', '00000000-0000-0000-0003-000000000007', 'Struggled with counting and could not keep up during group work again.', 'maths', NOW() - INTERVAL '3 days', 'teacher', 'HIGH', 4, '{"students":[],"context":"maths","skills":["counting"],"methods":[{"key":"small_group","label":"Small group","negated":true,"source":"auto"}],"outcome":"negative","confidence":"HIGH","confidenceScore":4,"flags":["no_student_matched"],"llmFallbackSuggested":false,"signalStrength":4,"suggestions":{"skills":[],"methods":[]},"evidence":{"skills":{"counting":{"trigger":"counting","match":"counting"}},"methods":{"small_group":{"trigger":"group work","match":"group work","negated":true}},"outcome":[{"word":"struggled","trigger":"struggled","negated":false,"polarity":"negative"},{"word":"could not","trigger":"could not","negated":false,"polarity":"negative"}]},"lexicon":"1.4"}'),
  ('00000000-0000-0000-0005-000000000066', '00000000-0000-0000-0002-000000000005', '00000000-0000-0000-0004-000000000025', '00000000-0000-0000-0003-000000000007', 'Wrote two sentences with one-on-one support.', 'literacy', NOW() - INTERVAL '22 days', 'teacher', 'HIGH', 3, '{"students":[],"context":"literacy","skills":["writing"],"methods":[{"key":"one_on_one","label":"1-on-1 support","negated":false,"source":"auto"}],"outcome":"unknown","confidence":"HIGH","confidenceScore":3,"flags":["no_student_matched"],"llmFallbackSuggested":false,"signalStrength":3,"suggestions":{"skills":[],"methods":[]},"evidence":{"skills":{"writing":{"trigger":"wrote","match":"wrote"}},"methods":{"one_on_one":{"trigger":"one-on-one","match":"one-on-one","negated":false}},"outcome":[]},"lexicon":"1.4"}'),
  ('00000000-0000-0000-0005-000000000067', '00000000-0000-0000-0002-000000000005', '00000000-0000-0000-0004-000000000026', '00000000-0000-0000-0003-000000000007', 'Good day.', 'other', NOW() - INTERVAL '6 days', 'teacher', 'LOW', 0, '{"students":[],"context":"other","skills":[],"methods":[],"outcome":"unknown","confidence":"LOW","confidenceScore":0,"flags":["no_student_matched","note_too_short"],"llmFallbackSuggested":true,"signalStrength":0,"suggestions":{"skills":[],"methods":[]},"evidence":{"skills":{},"methods":{},"outcome":[]},"lexicon":"1.4"}');

-- Observation audit — one create row per observation (append-only, FERPA)
INSERT INTO observation_audit (observation_id, changed_by, change_type, new_text) VALUES
  ('00000000-0000-0000-0005-000000000001', '00000000-0000-0000-0003-000000000001', 'create', 'Struggled with CVC blending but got 3/5 with picture cards, up from 1/5 without.'),
  ('00000000-0000-0000-0005-000000000002', '00000000-0000-0000-0003-000000000001', 'create', 'Decoded 8 of 10 sounds independently today — big jump from last week.'),
  ('00000000-0000-0000-0005-000000000003', '00000000-0000-0000-0003-000000000002', 'create', 'Used counters for counting to 20 and got all correct, her first time independently.'),
  ('00000000-0000-0000-0005-000000000004', '00000000-0000-0000-0003-000000000001', 'create', 'Raised her hand to ask for help during small group reading.'),
  ('00000000-0000-0000-0005-000000000005', '00000000-0000-0000-0003-000000000004', 'create', 'Stayed calm through transitions and used her coping strategy independently this time.'),
  ('00000000-0000-0000-0005-000000000006', '00000000-0000-0000-0003-000000000001', 'create', 'Read the passage and answered comprehension questions correctly with one-on-one support.'),
  ('00000000-0000-0000-0005-000000000007', '00000000-0000-0000-0003-000000000001', 'create', 'Blended 4 of 5 words but struggled to focus in group work.'),
  ('00000000-0000-0000-0005-000000000008', '00000000-0000-0000-0003-000000000001', 'create', 'Struggled with number sense and could not complete the number line.'),
  ('00000000-0000-0000-0005-000000000009', '00000000-0000-0000-0003-000000000004', 'create', 'Refused to share materials and had a meltdown during transition.'),
  ('00000000-0000-0000-0005-000000000010', '00000000-0000-0000-0003-000000000001', 'create', 'Tried again after a verbal prompt and figured out the problem.'),
  ('00000000-0000-0000-0005-000000000011', '00000000-0000-0000-0003-000000000001', 'create', 'Lost focus mid-lesson but completed the worksheet accurately one-on-one.'),
  ('00000000-0000-0000-0005-000000000012', '00000000-0000-0000-0003-000000000004', 'create', 'Struggled to self-regulate and could not calm down in group work.'),
  ('00000000-0000-0000-0005-000000000013', '00000000-0000-0000-0003-000000000004', 'create', 'Struggled to self-regulate during transitions and would not settle in group work.'),
  ('00000000-0000-0000-0005-000000000014', '00000000-0000-0000-0003-000000000001', 'create', 'Struggled to self-regulate and refused to join group work again.'),
  ('00000000-0000-0000-0005-000000000015', '00000000-0000-0000-0003-000000000002', 'create', 'Struggled with pencil grip during handwriting but improved with one-on-one support.'),
  ('00000000-0000-0000-0005-000000000016', '00000000-0000-0000-0003-000000000001', 'create', 'Cut along the line with good control today — his grip has really improved.'),
  ('00000000-0000-0000-0005-000000000017', '00000000-0000-0000-0003-000000000001', 'create', 'Wrote his name independently for the first time.'),
  ('00000000-0000-0000-0005-000000000018', '00000000-0000-0000-0003-000000000003', 'create', 'Decoded CVC words using picture cards and got 4 of 5 correct.'),
  ('00000000-0000-0000-0005-000000000019', '00000000-0000-0000-0003-000000000003', 'create', 'Struggled with blending sounds at first but improved with one-on-one support.'),
  ('00000000-0000-0000-0005-000000000020', '00000000-0000-0000-0003-000000000003', 'create', 'Read the passage and answered comprehension questions independently.'),
  ('00000000-0000-0000-0005-000000000021', '00000000-0000-0000-0003-000000000003', 'create', 'Collaborated well and took turns with peers during small group work.'),
  ('00000000-0000-0000-0005-000000000022', '00000000-0000-0000-0003-000000000004', 'create', 'Mastered counting to 50 using manipulatives — so pleased with her.'),
  ('00000000-0000-0000-0005-000000000023', '00000000-0000-0000-0003-000000000003', 'create', 'Wrote a full sentence independently with correct spelling.'),
  ('00000000-0000-0000-0005-000000000024', '00000000-0000-0000-0003-000000000003', 'create', 'Struggled with phonics and could not decode simple sounds.'),
  ('00000000-0000-0000-0005-000000000025', '00000000-0000-0000-0003-000000000003', 'create', 'Had difficulty counting and confused numbers on the number line.'),
  ('00000000-0000-0000-0005-000000000026', '00000000-0000-0000-0003-000000000004', 'create', 'Refused to participate in group work and had a meltdown.'),
  ('00000000-0000-0000-0005-000000000027', '00000000-0000-0000-0003-000000000004', 'create', 'Could not sound out CVC words even with verbal prompting.'),
  ('00000000-0000-0000-0005-000000000028', '00000000-0000-0000-0003-000000000003', 'create', 'Shared materials and took turns with peers all morning.'),
  ('00000000-0000-0000-0005-000000000029', '00000000-0000-0000-0003-000000000003', 'create', 'Collaborated in small group work and helped a peer — her teamwork has really improved.'),
  ('00000000-0000-0000-0005-000000000030', '00000000-0000-0000-0003-000000000003', 'create', 'Expressed her ideas clearly and raised her hand to contribute.'),
  ('00000000-0000-0000-0005-000000000031', '00000000-0000-0000-0003-000000000003', 'create', 'Solved the puzzle using a new strategy and persisted when stuck.'),
  ('00000000-0000-0000-0005-000000000032', '00000000-0000-0000-0003-000000000003', 'create', 'Struggled today.'),
  ('00000000-0000-0000-0005-000000000033', '00000000-0000-0000-0003-000000000003', 'create', 'Practiced counting to ten with counters today.'),
  ('00000000-0000-0000-0005-000000000034', '00000000-0000-0000-0003-000000000003', 'create', 'Asked for help.'),
  ('00000000-0000-0000-0005-000000000035', '00000000-0000-0000-0003-000000000005', 'create', 'Named every letter in her name and matched three uppercase letters to lowercase — so proud of her.'),
  ('00000000-0000-0000-0005-000000000036', '00000000-0000-0000-0003-000000000005', 'create', 'Shared the blocks and took turns with a friend during free play.'),
  ('00000000-0000-0000-0005-000000000037', '00000000-0000-0000-0003-000000000005', 'create', 'Counted ten bears one to one and got them all correct.'),
  ('00000000-0000-0000-0005-000000000038', '00000000-0000-0000-0003-000000000005', 'create', 'Cut along the line with scissors with good control, improving well.'),
  ('00000000-0000-0000-0005-000000000039', '00000000-0000-0000-0003-000000000005', 'create', 'Recognized some letters but struggled to stay focused during circle time.'),
  ('00000000-0000-0000-0005-000000000040', '00000000-0000-0000-0003-000000000005', 'create', 'Settled after a verbal prompt and joined the group.'),
  ('00000000-0000-0000-0005-000000000041', '00000000-0000-0000-0003-000000000004', 'create', 'Struggled to self-regulate and could not calm down during group work.'),
  ('00000000-0000-0000-0005-000000000042', '00000000-0000-0000-0003-000000000005', 'create', 'Struggled to self-regulate and would not settle during group work.'),
  ('00000000-0000-0000-0005-000000000043', '00000000-0000-0000-0003-000000000005', 'create', 'Struggled to self-regulate and refused to join group work again.'),
  ('00000000-0000-0000-0005-000000000044', '00000000-0000-0000-0003-000000000005', 'create', 'Practiced her pencil grip with one-on-one support.'),
  ('00000000-0000-0000-0005-000000000045', '00000000-0000-0000-0003-000000000005', 'create', 'Tough morning.'),
  ('00000000-0000-0000-0005-000000000046', '00000000-0000-0000-0003-000000000006', 'create', 'Read the passage and answered comprehension questions independently.'),
  ('00000000-0000-0000-0005-000000000047', '00000000-0000-0000-0003-000000000006', 'create', 'Mastered counting to 50 using manipulatives, no help needed.'),
  ('00000000-0000-0000-0005-000000000048', '00000000-0000-0000-0003-000000000006', 'create', 'Collaborated well and helped a peer during small group work.'),
  ('00000000-0000-0000-0005-000000000049', '00000000-0000-0000-0003-000000000006', 'create', 'Decoded 9 of 10 sounds independently — really coming along.'),
  ('00000000-0000-0000-0005-000000000050', '00000000-0000-0000-0003-000000000006', 'create', 'Completed the number line with support but struggled when working alone.'),
  ('00000000-0000-0000-0005-000000000051', '00000000-0000-0000-0003-000000000006', 'create', 'Figured out the tricky word after trying again.'),
  ('00000000-0000-0000-0005-000000000052', '00000000-0000-0000-0003-000000000006', 'create', 'Struggled to read and could not decode words during group work.'),
  ('00000000-0000-0000-0005-000000000053', '00000000-0000-0000-0003-000000000004', 'create', 'Struggled to read and could not decode words during group work today.'),
  ('00000000-0000-0000-0005-000000000054', '00000000-0000-0000-0003-000000000006', 'create', 'Struggled to read and could not decode words during group work again.'),
  ('00000000-0000-0000-0005-000000000055', '00000000-0000-0000-0003-000000000006', 'create', 'Wrote a short sentence with one-on-one support.'),
  ('00000000-0000-0000-0005-000000000056', '00000000-0000-0000-0003-000000000006', 'create', 'Asked for help.'),
  ('00000000-0000-0000-0005-000000000057', '00000000-0000-0000-0003-000000000007', 'create', 'Read a grade-2 passage fluently and summarized it accurately on her own.'),
  ('00000000-0000-0000-0005-000000000058', '00000000-0000-0000-0003-000000000007', 'create', 'Solved two-digit addition problems independently and got them all correct.'),
  ('00000000-0000-0000-0005-000000000059', '00000000-0000-0000-0003-000000000007', 'create', 'Mastered his addition facts to 20 — knows them cold now.'),
  ('00000000-0000-0000-0005-000000000060', '00000000-0000-0000-0003-000000000007', 'create', 'Expressed his ideas clearly and took turns during group discussion.'),
  ('00000000-0000-0000-0005-000000000061', '00000000-0000-0000-0003-000000000007', 'create', 'Read with good accuracy but struggled to stay focused during independent work.'),
  ('00000000-0000-0000-0005-000000000062', '00000000-0000-0000-0003-000000000007', 'create', 'Persisted and solved the word problem after trying a new strategy.'),
  ('00000000-0000-0000-0005-000000000063', '00000000-0000-0000-0003-000000000007', 'create', 'Struggled with counting and could not keep up during group work.'),
  ('00000000-0000-0000-0005-000000000064', '00000000-0000-0000-0003-000000000004', 'create', 'Struggled with counting and would not participate in group work.'),
  ('00000000-0000-0000-0005-000000000065', '00000000-0000-0000-0003-000000000007', 'create', 'Struggled with counting and could not keep up during group work again.'),
  ('00000000-0000-0000-0005-000000000066', '00000000-0000-0000-0003-000000000007', 'create', 'Wrote two sentences with one-on-one support.'),
  ('00000000-0000-0000-0005-000000000067', '00000000-0000-0000-0003-000000000007', 'create', 'Good day.');

-- Goals
INSERT INTO goals (id, person_id, team_id, created_by, title, description, domain, start_date, target_date, status, progress_pct) VALUES
  ('00000000-0000-0000-0006-000000000001',   '00000000-0000-0000-0004-000000000001',   '00000000-0000-0000-0002-000000000001', '00000000-0000-0000-0003-000000000001',  'Blend CVC words independently', 'Decode and blend consonant-vowel-consonant words without prompting.', 'literacy', CURRENT_DATE - 30, CURRENT_DATE - -30, 'active', 60),
  ('00000000-0000-0000-0006-000000000002',   '00000000-0000-0000-0004-000000000002',   '00000000-0000-0000-0002-000000000001', '00000000-0000-0000-0003-000000000001',  'Sustain focus during group work', 'Stay engaged and on-task through a full small-group activity.', 'behaviour', CURRENT_DATE - 25, CURRENT_DATE - -35, 'active', 30),
  ('00000000-0000-0000-0006-000000000003',   '00000000-0000-0000-0004-000000000003',   '00000000-0000-0000-0002-000000000001', '00000000-0000-0000-0003-000000000004', 'Use a self-regulation strategy', 'Independently choose and use a calming strategy during transitions.', 'behaviour', CURRENT_DATE - 22, CURRENT_DATE - -40, 'active', 25),
  ('00000000-0000-0000-0006-000000000004',  '00000000-0000-0000-0004-000000000005',  '00000000-0000-0000-0002-000000000002', '00000000-0000-0000-0003-000000000003', 'Decode grade-1 texts fluently', 'Read grade-1 leveled texts with accurate decoding.', 'literacy', CURRENT_DATE - 28, CURRENT_DATE - -10, 'achieved', 100),
  ('00000000-0000-0000-0006-000000000005',  '00000000-0000-0000-0004-000000000006',  '00000000-0000-0000-0002-000000000002', '00000000-0000-0000-0003-000000000003', 'Build number sense to 20', 'Count, order, and compare numbers to 20.', 'maths', CURRENT_DATE - 23, CURRENT_DATE - -25, 'paused', 20),
  ('00000000-0000-0000-0006-000000000006', '00000000-0000-0000-0004-000000000007', '00000000-0000-0000-0002-000000000002', '00000000-0000-0000-0003-000000000003', 'Collaborate and share in groups', 'Take turns and share materials during group work.', 'social', CURRENT_DATE - 22, CURRENT_DATE - -20, 'active', 70),
  ('00000000-0000-0000-0006-000000000007',    '00000000-0000-0000-0004-000000000009',    '00000000-0000-0000-0002-000000000003', '00000000-0000-0000-0003-000000000005', 'Recognize all letters', 'Name upper- and lowercase letters and their sounds.', 'literacy', CURRENT_DATE - 20, CURRENT_DATE - -30, 'active', 65),
  ('00000000-0000-0000-0006-000000000008',   '00000000-0000-0000-0004-000000000015',   '00000000-0000-0000-0002-000000000004', '00000000-0000-0000-0003-000000000006',  'Read grade-1 texts fluently', 'Read grade-1 leveled texts with accurate decoding.', 'literacy', CURRENT_DATE - 25, CURRENT_DATE - -8, 'achieved', 100),
  ('00000000-0000-0000-0006-000000000009',    '00000000-0000-0000-0004-000000000018',    '00000000-0000-0000-0002-000000000004', '00000000-0000-0000-0003-000000000006',  'Decode CVC words with support', 'Blend simple consonant-vowel-consonant words with prompting.', 'literacy', CURRENT_DATE - 18, CURRENT_DATE - -35, 'active', 20),
  ('00000000-0000-0000-0006-000000000010',   '00000000-0000-0000-0004-000000000021',   '00000000-0000-0000-0002-000000000005', '00000000-0000-0000-0003-000000000007',  'Solve two-digit addition', 'Add two-digit numbers with and without regrouping.', 'maths', CURRENT_DATE - 20, CURRENT_DATE - -15, 'active', 55);

-- Goal status history (append-only; create row + transitions)
INSERT INTO goal_status_history (id, goal_id, changed_by, from_status, to_status, changed_at) VALUES
  ('00000000-0000-0000-000c-000000000001', '00000000-0000-0000-0006-000000000001', '00000000-0000-0000-0003-000000000001', NULL, 'active', NOW() - INTERVAL '30 days'),
  ('00000000-0000-0000-000c-000000000002', '00000000-0000-0000-0006-000000000002', '00000000-0000-0000-0003-000000000001', NULL, 'active', NOW() - INTERVAL '25 days'),
  ('00000000-0000-0000-000c-000000000003', '00000000-0000-0000-0006-000000000003', '00000000-0000-0000-0003-000000000004', NULL, 'active', NOW() - INTERVAL '22 days'),
  ('00000000-0000-0000-000c-000000000004', '00000000-0000-0000-0006-000000000004', '00000000-0000-0000-0003-000000000003', NULL, 'active', NOW() - INTERVAL '28 days'),
  ('00000000-0000-0000-000c-000000000005', '00000000-0000-0000-0006-000000000004', '00000000-0000-0000-0003-000000000003', 'active', 'achieved', NOW() - INTERVAL '8 days'),
  ('00000000-0000-0000-000c-000000000006', '00000000-0000-0000-0006-000000000005', '00000000-0000-0000-0003-000000000003', NULL, 'active', NOW() - INTERVAL '23 days'),
  ('00000000-0000-0000-000c-000000000007', '00000000-0000-0000-0006-000000000005', '00000000-0000-0000-0003-000000000003', 'active', 'paused', NOW() - INTERVAL '9 days'),
  ('00000000-0000-0000-000c-000000000008', '00000000-0000-0000-0006-000000000006', '00000000-0000-0000-0003-000000000003', NULL, 'active', NOW() - INTERVAL '22 days'),
  ('00000000-0000-0000-000c-000000000009', '00000000-0000-0000-0006-000000000007', '00000000-0000-0000-0003-000000000005', NULL, 'active', NOW() - INTERVAL '20 days'),
  ('00000000-0000-0000-000c-000000000010', '00000000-0000-0000-0006-000000000008', '00000000-0000-0000-0003-000000000006', NULL, 'active', NOW() - INTERVAL '25 days'),
  ('00000000-0000-0000-000c-000000000011', '00000000-0000-0000-0006-000000000008', '00000000-0000-0000-0003-000000000006', 'active', 'achieved', NOW() - INTERVAL '5 days'),
  ('00000000-0000-0000-000c-000000000012', '00000000-0000-0000-0006-000000000009', '00000000-0000-0000-0003-000000000006', NULL, 'active', NOW() - INTERVAL '18 days'),
  ('00000000-0000-0000-000c-000000000013', '00000000-0000-0000-0006-000000000010', '00000000-0000-0000-0003-000000000007', NULL, 'active', NOW() - INTERVAL '20 days');

-- Goal evidence (link goals to supporting observations)
INSERT INTO goal_evidence (id, goal_id, observation_id, linked_by) VALUES
  ('00000000-0000-0000-000d-000000000001', '00000000-0000-0000-0006-000000000001', '00000000-0000-0000-0005-000000000001', '00000000-0000-0000-0003-000000000001'),
  ('00000000-0000-0000-000d-000000000002', '00000000-0000-0000-0006-000000000001', '00000000-0000-0000-0005-000000000002', '00000000-0000-0000-0003-000000000001'),
  ('00000000-0000-0000-000d-000000000003', '00000000-0000-0000-0006-000000000004', '00000000-0000-0000-0005-000000000018', '00000000-0000-0000-0003-000000000003'),
  ('00000000-0000-0000-000d-000000000004', '00000000-0000-0000-0006-000000000004', '00000000-0000-0000-0005-000000000022', '00000000-0000-0000-0003-000000000004'),
  ('00000000-0000-0000-000d-000000000005', '00000000-0000-0000-0006-000000000006', '00000000-0000-0000-0005-000000000029', '00000000-0000-0000-0003-000000000003'),
  ('00000000-0000-0000-000d-000000000006', '00000000-0000-0000-0006-000000000007', '00000000-0000-0000-0005-000000000035', '00000000-0000-0000-0003-000000000005'),
  ('00000000-0000-0000-000d-000000000007', '00000000-0000-0000-0006-000000000008', '00000000-0000-0000-0005-000000000046', '00000000-0000-0000-0003-000000000006'),
  ('00000000-0000-0000-000d-000000000008', '00000000-0000-0000-0006-000000000010', '00000000-0000-0000-0005-000000000057', '00000000-0000-0000-0003-000000000007');

-- Interventions (high/medium/low priority; active + one resolved)
INSERT INTO interventions (id, person_id, team_id, created_by, title, description, priority, status, started_at, resolved_at) VALUES
  ('00000000-0000-0000-0007-000000000001', '00000000-0000-0000-0004-000000000002',   '00000000-0000-0000-0002-000000000001', '00000000-0000-0000-0003-000000000001',  'Structured small-group seating', 'Seat Noah near the teacher with a visual task checklist during group work.', 'medium', 'active', CURRENT_DATE - 20, NULL),
  ('00000000-0000-0000-0007-000000000002', '00000000-0000-0000-0004-000000000003',   '00000000-0000-0000-0002-000000000001', '00000000-0000-0000-0003-000000000004', 'Daily calm-corner check-in',     'Brief check-in and a pre-taught calming strategy before each transition.',   'high',   'active', CURRENT_DATE - 15, NULL),
  ('00000000-0000-0000-0007-000000000003', '00000000-0000-0000-0004-000000000004', '00000000-0000-0000-0002-000000000001', '00000000-0000-0000-0003-000000000001',  'Pencil-grip support',            'Triangular grips and short handwriting warm-ups; review after 3 weeks.',      'low',    'resolved', CURRENT_DATE - 26, CURRENT_DATE - 5),
  ('00000000-0000-0000-0007-000000000004', '00000000-0000-0000-0004-000000000006',  '00000000-0000-0000-0002-000000000002', '00000000-0000-0000-0003-000000000003', '1:1 phonics intervention block',  'Ten-minute daily 1:1 decoding block with the specialist.',                   'high',   'active', CURRENT_DATE - 16, NULL),
  ('00000000-0000-0000-0007-000000000005', '00000000-0000-0000-0004-000000000012',   '00000000-0000-0000-0002-000000000003', '00000000-0000-0000-0003-000000000004', 'Calm-corner check-in',            'Pre-taught calming routine and a visual schedule before each transition.',    'high',   'active', CURRENT_DATE - 11, NULL),
  ('00000000-0000-0000-0007-000000000006', '00000000-0000-0000-0004-000000000018',    '00000000-0000-0000-0002-000000000004', '00000000-0000-0000-0003-000000000004', '1:1 phonics decoding block',      'Daily ten-minute 1:1 decoding practice with the specialist.',                'high',   'active', CURRENT_DATE - 12, NULL),
  ('00000000-0000-0000-0007-000000000007', '00000000-0000-0000-0004-000000000024',   '00000000-0000-0000-0002-000000000005', '00000000-0000-0000-0003-000000000007',   'Regrouping with base-ten blocks', 'Small-group subtraction with manipulatives; review after 3 weeks.',           'medium', 'active', CURRENT_DATE - 10, NULL);

-- Milestones (org-scoped normative definitions)
INSERT INTO milestones (id, organization_id, name, description, domain, grade_level, sort_order, created_by) VALUES
  ('00000000-0000-0000-000a-000000000001',     '00000000-0000-0000-0000-000000000001', 'Blends CVC words',                 'Decodes and blends simple CVC words.',        'literacy',  'K', 1, '00000000-0000-0000-0003-000000000001'),
  ('00000000-0000-0000-000a-000000000002',   '00000000-0000-0000-0000-000000000001', 'Counts to 20',                     'Counts objects accurately to 20.',            'maths',     'K', 2, '00000000-0000-0000-0003-000000000001'),
  ('00000000-0000-0000-000a-000000000003', '00000000-0000-0000-0000-000000000001', 'Self-regulates in transitions',   'Uses a calming strategy during transitions.', 'behaviour', 'K', 3, '00000000-0000-0000-0003-000000000001'),
  ('00000000-0000-0000-000a-000000000004',   '00000000-0000-0000-0000-000000000001', 'Reads grade-1 text',               'Reads grade-1 leveled text accurately.',      'literacy',  '1', 4, '00000000-0000-0000-0003-000000000003'),
  ('00000000-0000-0000-000a-000000000005',  '00000000-0000-0000-0000-000000000001', 'Collaborates in group work',       'Takes turns and shares during group work.',   'social',    '1', 5, '00000000-0000-0000-0003-000000000003'),
  ('00000000-0000-0000-000a-000000000006', '00000000-0000-0000-0000-000000000001', 'Recognizes letters',               'Names upper- and lowercase letters.',         'literacy',  'Pre-K', 6, '00000000-0000-0000-0003-000000000005'),
  ('00000000-0000-0000-000a-000000000007',   '00000000-0000-0000-0000-000000000001', 'Adds within 20',                   'Adds and subtracts fluently within 20.',      'maths',     '2', 7, '00000000-0000-0000-0003-000000000007');

-- Per-student milestone status
INSERT INTO milestone_status (id, milestone_id, person_id, status, achieved_at, updated_by) VALUES
  ('00000000-0000-0000-000b-000000000001', '00000000-0000-0000-000a-000000000001', '00000000-0000-0000-0004-000000000001', 'in_progress', NULL, '00000000-0000-0000-0003-000000000001'),
  ('00000000-0000-0000-000b-000000000002', '00000000-0000-0000-000a-000000000002', '00000000-0000-0000-0004-000000000001', 'achieved', CURRENT_DATE - 10, '00000000-0000-0000-0003-000000000002'),
  ('00000000-0000-0000-000b-000000000003', '00000000-0000-0000-000a-000000000003', '00000000-0000-0000-0004-000000000003', 'in_progress', NULL, '00000000-0000-0000-0003-000000000004'),
  ('00000000-0000-0000-000b-000000000004', '00000000-0000-0000-000a-000000000001', '00000000-0000-0000-0004-000000000004', 'not_started', NULL, '00000000-0000-0000-0003-000000000001'),
  ('00000000-0000-0000-000b-000000000005', '00000000-0000-0000-000a-000000000004', '00000000-0000-0000-0004-000000000005', 'achieved', CURRENT_DATE - 6, '00000000-0000-0000-0003-000000000003'),
  ('00000000-0000-0000-000b-000000000006', '00000000-0000-0000-000a-000000000001', '00000000-0000-0000-0004-000000000005', 'achieved', CURRENT_DATE - 20, '00000000-0000-0000-0003-000000000003'),
  ('00000000-0000-0000-000b-000000000007', '00000000-0000-0000-000a-000000000005', '00000000-0000-0000-0004-000000000007', 'achieved', CURRENT_DATE - 9, '00000000-0000-0000-0003-000000000003'),
  ('00000000-0000-0000-000b-000000000008', '00000000-0000-0000-000a-000000000004', '00000000-0000-0000-0004-000000000006', 'not_started', NULL, '00000000-0000-0000-0003-000000000003'),
  ('00000000-0000-0000-000b-000000000009', '00000000-0000-0000-000a-000000000002', '00000000-0000-0000-0004-000000000006', 'in_progress', NULL, '00000000-0000-0000-0003-000000000004'),
  ('00000000-0000-0000-000b-000000000010', '00000000-0000-0000-000a-000000000006', '00000000-0000-0000-0004-000000000009', 'achieved', CURRENT_DATE - 4, '00000000-0000-0000-0003-000000000005'),
  ('00000000-0000-0000-000b-000000000011', '00000000-0000-0000-000a-000000000006', '00000000-0000-0000-0004-000000000012', 'in_progress', NULL, '00000000-0000-0000-0003-000000000005'),
  ('00000000-0000-0000-000b-000000000012', '00000000-0000-0000-000a-000000000007', '00000000-0000-0000-0004-000000000021', 'achieved', CURRENT_DATE - 3, '00000000-0000-0000-0003-000000000007'),
  ('00000000-0000-0000-000b-000000000013', '00000000-0000-0000-000a-000000000007', '00000000-0000-0000-0004-000000000022', 'achieved', CURRENT_DATE - 6, '00000000-0000-0000-0003-000000000007'),
  ('00000000-0000-0000-000b-000000000014', '00000000-0000-0000-000a-000000000007', '00000000-0000-0000-0004-000000000024', 'not_started', NULL, '00000000-0000-0000-0003-000000000007');

-- Conference reports (content_json left empty; the Conference page
-- regenerates the server-computed payload on first visit — kept unlocked
-- so it self-populates rather than shipping a hand-authored payload).
INSERT INTO reports (id, person_id, team_id, generated_by, report_type, period_start, period_end, content_json, is_locked) VALUES
  ('00000000-0000-0000-0008-000000000001', '00000000-0000-0000-0004-000000000001',  '00000000-0000-0000-0002-000000000001', '00000000-0000-0000-0003-000000000001',  'conference', CURRENT_DATE - 90, CURRENT_DATE - 0, '{}', FALSE),
  ('00000000-0000-0000-0008-000000000002', '00000000-0000-0000-0004-000000000005', '00000000-0000-0000-0002-000000000002', '00000000-0000-0000-0003-000000000003', 'conference', CURRENT_DATE - 90, CURRENT_DATE - 0, '{}', FALSE),
  ('00000000-0000-0000-0008-000000000003', '00000000-0000-0000-0004-000000000015',  '00000000-0000-0000-0002-000000000004', '00000000-0000-0000-0003-000000000006',   'conference', CURRENT_DATE - 90, CURRENT_DATE - 0, '{}', FALSE),
  ('00000000-0000-0000-0008-000000000004', '00000000-0000-0000-0004-000000000021',  '00000000-0000-0000-0002-000000000005', '00000000-0000-0000-0003-000000000007',   'conference', CURRENT_DATE - 90, CURRENT_DATE - 0, '{}', FALSE);

-- Parent contacts (opted-in + invite-pending)
INSERT INTO parent_contacts (id, person_id, full_name, email, phone, preferred_channel, opted_in, opted_in_at, invited_email, invited_phone, invite_sent_at) VALUES
  ('00000000-0000-0000-0009-000000000001', '00000000-0000-0000-0004-000000000001',   'Sarah Chen', 'sarah.chen@example.com', NULL, 'email', TRUE, NOW() - INTERVAL '12 days', 'sarah.chen@example.com', NULL, NOW() - INTERVAL '20 days'),
  ('00000000-0000-0000-0009-000000000002', '00000000-0000-0000-0004-000000000005',  'Omar Ali',   NULL, '+15551234567', 'sms',  TRUE, NOW() - INTERVAL '9 days',  NULL, '+15551234567', NOW() - INTERVAL '15 days'),
  ('00000000-0000-0000-0009-000000000003', '00000000-0000-0000-0004-000000000004', NULL, NULL, NULL, NULL, FALSE, NULL, 'marcus.parent@example.com', NULL, NOW() - INTERVAL '6 days'),
  ('00000000-0000-0000-0009-000000000004', '00000000-0000-0000-0004-000000000008',   NULL, NULL, NULL, NULL, FALSE, NULL, 'liam.parent@example.com', NULL, NULL),
  ('00000000-0000-0000-0009-000000000005', '00000000-0000-0000-0004-000000000009',    'Grace Okoro', 'grace.okoro@example.com', NULL, 'email', TRUE, NOW() - INTERVAL '10 days', 'grace.okoro@example.com', NULL, NOW() - INTERVAL '16 days'),
  ('00000000-0000-0000-0009-000000000006', '00000000-0000-0000-0004-000000000018',    NULL, NULL, NULL, NULL, FALSE, NULL, 'sam.parent@example.com', NULL, NOW() - INTERVAL '4 days');

