-- =============================================================
-- Elocin Seed Data — development / demo only
-- Run AFTER 001_core.sql (and 003/004/006 for the columns/tables it uses).
--
-- GENERATED, do not hand-edit. Regenerate with:
--     node scripts/gen_seed.mjs > migrations/002_seed.sql
-- The generator runs every observation through the real deterministic
-- engine (core/rules/parseObservation.js), so every parsed_json /
-- confidence / confidence_score below is exactly what the engine produces
-- for that raw_text — not hand-authored (the prior seed had parsed_json
-- that no longer matched the engine). Edit scripts/gen_seed.mjs, not this.
--
-- Two classrooms (Room 4 = Kindergarten, Room 6 = Grade 1), both
-- exercising every feature: multi-role observations (teacher/TA/specialist),
-- all outcome types + negated methods + behavioral skills + LOW-confidence
-- AI-fallback notes, goals (active/achieved/paused) with status history and
-- evidence links, interventions (high/medium/low, active + resolved),
-- org milestones with per-student status, conference reports, and parent
-- contacts (opted-in + invite-pending).
--
-- Demo login: any seeded staff email, password "demo1234".
--   patel@westfield.edu  (owner/teacher, Room 4)
--   nguyen@westfield.edu (teacher, Room 6)
-- =============================================================

-- Organization
INSERT INTO organizations (id, name, slug, plan) VALUES
  ('00000000-0000-0000-0000-000000000001', 'Westfield Elementary', 'westfield', 'professional');

-- Location
INSERT INTO locations (id, organization_id, name) VALUES
  ('00000000-0000-0000-0001-000000000001', '00000000-0000-0000-0000-000000000001', 'Main Building');

-- Teams (Classrooms)
INSERT INTO teams (id, organization_id, location_id, name, grade_level, academic_year) VALUES
  ('00000000-0000-0000-0002-000000000001', '00000000-0000-0000-0000-000000000001', '00000000-0000-0000-0001-000000000001', 'Room 4', 'K', '2024-25'),
  ('00000000-0000-0000-0002-000000000002', '00000000-0000-0000-0000-000000000001', '00000000-0000-0000-0001-000000000001', 'Room 6', '1', '2024-25');

-- Users (password for all seeded staff is "demo1234")
INSERT INTO users (id, organization_id, email, full_name, auth_uid, password_hash, org_role) VALUES
  ('00000000-0000-0000-0003-000000000001',  '00000000-0000-0000-0000-000000000001', 'patel@westfield.edu',  'Ms. Patel',  'auth_patel',  '$2a$10$ehPyLHnPSO88f1WYxEGqjO/VfDAM7VIT3fi6ztyFytySSlVuUrwii', 'owner'),
  ('00000000-0000-0000-0003-000000000002', '00000000-0000-0000-0000-000000000001', 'rivera@westfield.edu', 'J. Rivera',  'auth_rivera', '$2a$10$ehPyLHnPSO88f1WYxEGqjO/VfDAM7VIT3fi6ztyFytySSlVuUrwii', NULL),
  ('00000000-0000-0000-0003-000000000003', '00000000-0000-0000-0000-000000000001', 'nguyen@westfield.edu', 'Ms. Nguyen', 'auth_nguyen', '$2a$10$ehPyLHnPSO88f1WYxEGqjO/VfDAM7VIT3fi6ztyFytySSlVuUrwii', 'admin'),
  ('00000000-0000-0000-0003-000000000004', '00000000-0000-0000-0000-000000000001', 'okafor@westfield.edu', 'D. Okafor',  'auth_okafor', '$2a$10$ehPyLHnPSO88f1WYxEGqjO/VfDAM7VIT3fi6ztyFytySSlVuUrwii', NULL);

-- Team memberships. Patel (owner) leads Room 4 and also sits in Room 6 so
-- the owner demo account can see BOTH classrooms (and exercise the sidebar
-- classroom-scope filter). Okafor is a specialist across both rooms.
INSERT INTO team_memberships (team_id, user_id, role) VALUES
  ('00000000-0000-0000-0002-000000000001', '00000000-0000-0000-0003-000000000001',  'teacher'),
  ('00000000-0000-0000-0002-000000000001', '00000000-0000-0000-0003-000000000002', 'ta'),
  ('00000000-0000-0000-0002-000000000001', '00000000-0000-0000-0003-000000000004', 'specialist'),
  ('00000000-0000-0000-0002-000000000002', '00000000-0000-0000-0003-000000000001',  'teacher'),
  ('00000000-0000-0000-0002-000000000002', '00000000-0000-0000-0003-000000000003', 'teacher'),
  ('00000000-0000-0000-0002-000000000002', '00000000-0000-0000-0003-000000000004', 'specialist');

-- People (students)
INSERT INTO people (id, organization_id, display_name, date_of_birth, grade_level) VALUES
  ('00000000-0000-0000-0004-000000000001',   '00000000-0000-0000-0000-000000000001', 'Emma',   '2018-03-12', 'K'),
  ('00000000-0000-0000-0004-000000000002',   '00000000-0000-0000-0000-000000000001', 'Noah',   '2018-07-24', 'K'),
  ('00000000-0000-0000-0004-000000000003',   '00000000-0000-0000-0000-000000000001', 'Lily',   '2018-01-09', 'K'),
  ('00000000-0000-0000-0004-000000000004', '00000000-0000-0000-0000-000000000001', 'Marcus', '2018-05-30', 'K'),
  ('00000000-0000-0000-0004-000000000005',  '00000000-0000-0000-0000-000000000001', 'Aisha',  '2017-04-18', '1'),
  ('00000000-0000-0000-0004-000000000006',  '00000000-0000-0000-0000-000000000001', 'Diego',  '2017-09-02', '1'),
  ('00000000-0000-0000-0004-000000000007', '00000000-0000-0000-0000-000000000001', 'Sophia', '2017-06-11', '1'),
  ('00000000-0000-0000-0004-000000000008',   '00000000-0000-0000-0000-000000000001', 'Liam',   '2017-11-27', '1');

-- Enrollments
INSERT INTO enrollments (team_id, person_id) VALUES
  ('00000000-0000-0000-0002-000000000001', '00000000-0000-0000-0004-000000000001'),
  ('00000000-0000-0000-0002-000000000001', '00000000-0000-0000-0004-000000000002'),
  ('00000000-0000-0000-0002-000000000001', '00000000-0000-0000-0004-000000000003'),
  ('00000000-0000-0000-0002-000000000001', '00000000-0000-0000-0004-000000000004'),
  ('00000000-0000-0000-0002-000000000002', '00000000-0000-0000-0004-000000000005'),
  ('00000000-0000-0000-0002-000000000002', '00000000-0000-0000-0004-000000000006'),
  ('00000000-0000-0000-0002-000000000002', '00000000-0000-0000-0004-000000000007'),
  ('00000000-0000-0000-0002-000000000002', '00000000-0000-0000-0004-000000000008');

-- Observations (parsed_json is real engine output, generated)
INSERT INTO observations (id, team_id, person_id, recorded_by, raw_text, domain, observed_at, recorder_role, confidence, confidence_score, parsed_json) VALUES
  ('00000000-0000-0000-0005-000000000001', '00000000-0000-0000-0002-000000000001', '00000000-0000-0000-0004-000000000001', '00000000-0000-0000-0003-000000000001', 'Emma struggled with CVC blending but got 3/5 with picture cards, up from 1/5 without.', 'literacy', NOW() - INTERVAL '26 days', 'teacher', 'HIGH', 4, '{"students":["Emma"],"context":"literacy","skills":["phonics"],"methods":[{"key":"visual","label":"Visual / Picture cues","negated":false,"source":"auto"}],"outcome":"mixed","confidence":"HIGH","confidenceScore":4,"flags":[],"llmFallbackSuggested":false,"signalStrength":4,"suggestions":{"skills":[],"methods":[]},"evidence":{"skills":{"phonics":{"trigger":"cvc","match":"cvc"}},"methods":{"visual":{"trigger":"picture card","match":"picture cards","negated":false}},"outcome":[{"word":"struggled","trigger":"struggled","negated":false,"polarity":"negative"}]},"lexicon":"1.3"}'),
  ('00000000-0000-0000-0005-000000000002', '00000000-0000-0000-0002-000000000001', '00000000-0000-0000-0004-000000000001', '00000000-0000-0000-0003-000000000001', 'Emma decoded 8 of 10 sounds independently today, a clear improvement.', 'literacy', NOW() - INTERVAL '19 days', 'teacher', 'HIGH', 4, '{"students":["Emma"],"context":"literacy","skills":[],"methods":[{"key":"independent","label":"Independent practice","negated":false,"source":"auto"}],"outcome":"positive","confidence":"HIGH","confidenceScore":4,"flags":[],"llmFallbackSuggested":false,"signalStrength":4,"suggestions":{"skills":["phonics","independence"],"methods":[]},"evidence":{"skills":{},"methods":{"independent":{"trigger":"independently","match":"independently","negated":false}},"outcome":[{"word":"independently","trigger":"independently","negated":false,"polarity":"positive"},{"word":"improvement","trigger":"improvement","negated":false,"polarity":"positive"}]},"lexicon":"1.3"}'),
  ('00000000-0000-0000-0005-000000000003', '00000000-0000-0000-0002-000000000001', '00000000-0000-0000-0004-000000000001', '00000000-0000-0000-0003-000000000002', 'Emma used counters for counting to 20 and got all correct, her first time independently.', 'maths', NOW() - INTERVAL '12 days', 'ta', 'HIGH', 4, '{"students":["Emma"],"context":"maths","skills":["counting"],"methods":[{"key":"independent","label":"Independent practice","negated":false,"source":"auto"}],"outcome":"positive","confidence":"HIGH","confidenceScore":4,"flags":[],"llmFallbackSuggested":false,"signalStrength":4,"suggestions":{"skills":["independence"],"methods":[{"key":"kinesthetic","label":"Hands-on / Manipulatives","negated":false}]},"evidence":{"skills":{"counting":{"trigger":"counting to","match":"counting to"}},"methods":{"independent":{"trigger":"independently","match":"independently","negated":false}},"outcome":[{"word":"independently","trigger":"independently","negated":false,"polarity":"positive"},{"word":"correct","trigger":"correct","negated":false,"polarity":"positive"}]},"lexicon":"1.3"}'),
  ('00000000-0000-0000-0005-000000000004', '00000000-0000-0000-0002-000000000001', '00000000-0000-0000-0004-000000000001', '00000000-0000-0000-0003-000000000001', 'Emma raised her hand to ask for help during small group reading.', 'social', NOW() - INTERVAL '8 days', 'teacher', 'HIGH', 3, '{"students":["Emma"],"context":"social","skills":["communication"],"methods":[{"key":"small_group","label":"Small group","negated":false,"source":"auto"}],"outcome":"unknown","confidence":"HIGH","confidenceScore":3,"flags":[],"llmFallbackSuggested":false,"signalStrength":3,"suggestions":{"skills":[],"methods":[]},"evidence":{"skills":{"communication":{"trigger":"raised her hand","match":"raised her hand"}},"methods":{"small_group":{"trigger":"small group","match":"small group","negated":false}},"outcome":[]},"lexicon":"1.3"}'),
  ('00000000-0000-0000-0005-000000000005', '00000000-0000-0000-0002-000000000001', '00000000-0000-0000-0004-000000000001', '00000000-0000-0000-0003-000000000004', 'Emma stayed calm during transitions and used her coping strategy without a verbal prompt, a big success.', 'behaviour', NOW() - INTERVAL '5 days', 'specialist', 'HIGH', 4, '{"students":["Emma"],"context":"behaviour","skills":["self_regulation"],"methods":[{"key":"verbal_prompt","label":"Verbal prompt / Cue","negated":true,"source":"auto"}],"outcome":"positive","confidence":"HIGH","confidenceScore":4,"flags":[],"llmFallbackSuggested":false,"signalStrength":4,"suggestions":{"skills":["problem_solving"],"methods":[]},"evidence":{"skills":{"self_regulation":{"trigger":"coping strategy","match":"coping strategy"}},"methods":{"verbal_prompt":{"trigger":"verbal prompt","match":"verbal prompt","negated":true}},"outcome":[{"word":"success","trigger":"success","negated":false,"polarity":"positive"}]},"lexicon":"1.3"}'),
  ('00000000-0000-0000-0005-000000000006', '00000000-0000-0000-0002-000000000001', '00000000-0000-0000-0004-000000000001', '00000000-0000-0000-0003-000000000001', 'Emma read the passage and answered comprehension questions correctly with one-on-one support.', 'literacy', NOW() - INTERVAL '2 days', 'teacher', 'HIGH', 4, '{"students":["Emma"],"context":"literacy","skills":["reading_comprehension","reading"],"methods":[{"key":"one_on_one","label":"1-on-1 support","negated":false,"source":"auto"}],"outcome":"positive","confidence":"HIGH","confidenceScore":4,"flags":[],"llmFallbackSuggested":false,"signalStrength":4,"suggestions":{"skills":[],"methods":[]},"evidence":{"skills":{"reading_comprehension":{"trigger":"comprehension","match":"comprehension"},"reading":{"trigger":"read the passage","match":"read the passage"}},"methods":{"one_on_one":{"trigger":"one-on-one","match":"one-on-one","negated":false}},"outcome":[{"word":"correctly","trigger":"correctly","negated":false,"polarity":"positive"}]},"lexicon":"1.3"}'),
  ('00000000-0000-0000-0005-000000000007', '00000000-0000-0000-0002-000000000001', '00000000-0000-0000-0004-000000000002', '00000000-0000-0000-0003-000000000001', 'Noah blended 4 of 5 words but struggled to focus in group work.', 'literacy', NOW() - INTERVAL '24 days', 'teacher', 'HIGH', 4, '{"students":["Noah"],"context":"literacy","skills":[],"methods":[{"key":"small_group","label":"Small group","negated":false,"source":"auto"}],"outcome":"mixed","confidence":"HIGH","confidenceScore":4,"flags":[],"llmFallbackSuggested":false,"signalStrength":4,"suggestions":{"skills":["phonics"],"methods":[]},"evidence":{"skills":{},"methods":{"small_group":{"trigger":"group work","match":"group work","negated":false}},"outcome":[{"word":"struggled","trigger":"struggled","negated":false,"polarity":"negative"}]},"lexicon":"1.3"}'),
  ('00000000-0000-0000-0005-000000000008', '00000000-0000-0000-0002-000000000001', '00000000-0000-0000-0004-000000000002', '00000000-0000-0000-0003-000000000001', 'Noah struggled with number sense and could not complete the number line.', 'maths', NOW() - INTERVAL '17 days', 'teacher', 'HIGH', 4, '{"students":["Noah"],"context":"maths","skills":[],"methods":[{"key":"visual","label":"Visual / Picture cues","negated":true,"source":"auto"}],"outcome":"negative","confidence":"HIGH","confidenceScore":4,"flags":[],"llmFallbackSuggested":false,"signalStrength":4,"suggestions":{"skills":["number_recognition"],"methods":[]},"evidence":{"skills":{},"methods":{"visual":{"trigger":"number line","match":"number line","negated":true}},"outcome":[{"word":"struggled","trigger":"struggled","negated":false,"polarity":"negative"},{"word":"could not","trigger":"could not","negated":false,"polarity":"negative"}]},"lexicon":"1.3"}'),
  ('00000000-0000-0000-0005-000000000009', '00000000-0000-0000-0002-000000000001', '00000000-0000-0000-0004-000000000002', '00000000-0000-0000-0003-000000000004', 'Noah refused to share materials and had a meltdown during transition.', 'behaviour', NOW() - INTERVAL '10 days', 'specialist', 'HIGH', 3, '{"students":["Noah"],"context":"behaviour","skills":["self_regulation"],"methods":[],"outcome":"negative","confidence":"HIGH","confidenceScore":3,"flags":[],"llmFallbackSuggested":false,"signalStrength":3,"suggestions":{"skills":["sharing_cooperation"],"methods":[]},"evidence":{"skills":{"self_regulation":{"trigger":"meltdown","match":"meltdown"}},"methods":{},"outcome":[{"word":"refused","trigger":"refused","negated":false,"polarity":"negative"}]},"lexicon":"1.3"}'),
  ('00000000-0000-0000-0005-000000000010', '00000000-0000-0000-0002-000000000001', '00000000-0000-0000-0004-000000000002', '00000000-0000-0000-0003-000000000001', 'Noah tried again after a verbal prompt and figured out the problem.', 'literacy', NOW() - INTERVAL '3 days', 'teacher', 'HIGH', 3, '{"students":["Noah"],"context":"literacy","skills":["problem_solving"],"methods":[{"key":"verbal_prompt","label":"Verbal prompt / Cue","negated":false,"source":"auto"}],"outcome":"unknown","confidence":"HIGH","confidenceScore":3,"flags":[],"llmFallbackSuggested":false,"signalStrength":3,"suggestions":{"skills":[],"methods":[]},"evidence":{"skills":{"problem_solving":{"trigger":"figured out","match":"figured out"}},"methods":{"verbal_prompt":{"trigger":"verbal prompt","match":"verbal prompt","negated":false}},"outcome":[]},"lexicon":"1.3"}'),
  ('00000000-0000-0000-0005-000000000011', '00000000-0000-0000-0002-000000000001', '00000000-0000-0000-0004-000000000003', '00000000-0000-0000-0003-000000000001', 'Lily lost focus mid-lesson but completed the worksheet accurately one-on-one.', 'literacy', NOW() - INTERVAL '21 days', 'teacher', 'HIGH', 4, '{"students":["Lily"],"context":"literacy","skills":["engagement"],"methods":[{"key":"one_on_one","label":"1-on-1 support","negated":false,"source":"auto"}],"outcome":"mixed","confidence":"HIGH","confidenceScore":4,"flags":[],"llmFallbackSuggested":false,"signalStrength":4,"suggestions":{"skills":[],"methods":[]},"evidence":{"skills":{"engagement":{"trigger":"lost focus","match":"lost focus"}},"methods":{"one_on_one":{"trigger":"one-on-one","match":"one-on-one","negated":false}},"outcome":[{"word":"accurately","trigger":"accurately","negated":false,"polarity":"positive"},{"word":"lost focus","trigger":"lost focus","negated":false,"polarity":"negative"}]},"lexicon":"1.3"}'),
  ('00000000-0000-0000-0005-000000000012', '00000000-0000-0000-0002-000000000001', '00000000-0000-0000-0004-000000000003', '00000000-0000-0000-0003-000000000004', 'Lily struggled to self-regulate and could not calm down in group work.', 'behaviour', NOW() - INTERVAL '15 days', 'specialist', 'HIGH', 4, '{"students":["Lily"],"context":"behaviour","skills":["self_regulation"],"methods":[{"key":"small_group","label":"Small group","negated":true,"source":"auto"}],"outcome":"negative","confidence":"HIGH","confidenceScore":4,"flags":[],"llmFallbackSuggested":false,"signalStrength":4,"suggestions":{"skills":[],"methods":[]},"evidence":{"skills":{"self_regulation":{"trigger":"self-regulate","match":"self-regulate"}},"methods":{"small_group":{"trigger":"group work","match":"group work","negated":true}},"outcome":[{"word":"struggled","trigger":"struggled","negated":false,"polarity":"negative"},{"word":"could not","trigger":"could not","negated":false,"polarity":"negative"}]},"lexicon":"1.3"}'),
  ('00000000-0000-0000-0005-000000000013', '00000000-0000-0000-0002-000000000001', '00000000-0000-0000-0004-000000000003', '00000000-0000-0000-0003-000000000004', 'Lily struggled to self-regulate during transitions and would not settle in group work.', 'behaviour', NOW() - INTERVAL '10 days', 'specialist', 'HIGH', 4, '{"students":["Lily"],"context":"behaviour","skills":["self_regulation"],"methods":[{"key":"small_group","label":"Small group","negated":true,"source":"auto"}],"outcome":"negative","confidence":"HIGH","confidenceScore":4,"flags":[],"llmFallbackSuggested":false,"signalStrength":4,"suggestions":{"skills":[],"methods":[]},"evidence":{"skills":{"self_regulation":{"trigger":"self-regulate","match":"self-regulate"}},"methods":{"small_group":{"trigger":"group work","match":"group work","negated":true}},"outcome":[{"word":"struggled","trigger":"struggled","negated":false,"polarity":"negative"}]},"lexicon":"1.3"}'),
  ('00000000-0000-0000-0005-000000000014', '00000000-0000-0000-0002-000000000001', '00000000-0000-0000-0004-000000000003', '00000000-0000-0000-0003-000000000001', 'Lily struggled to self-regulate and refused to join group work again.', 'behaviour', NOW() - INTERVAL '4 days', 'teacher', 'HIGH', 4, '{"students":["Lily"],"context":"behaviour","skills":["self_regulation"],"methods":[{"key":"small_group","label":"Small group","negated":true,"source":"auto"}],"outcome":"negative","confidence":"HIGH","confidenceScore":4,"flags":[],"llmFallbackSuggested":false,"signalStrength":4,"suggestions":{"skills":["addition"],"methods":[]},"evidence":{"skills":{"self_regulation":{"trigger":"self-regulate","match":"self-regulate"}},"methods":{"small_group":{"trigger":"group work","match":"group work","negated":true}},"outcome":[{"word":"struggled","trigger":"struggled","negated":false,"polarity":"negative"},{"word":"refused","trigger":"refused","negated":false,"polarity":"negative"}]},"lexicon":"1.3"}'),
  ('00000000-0000-0000-0005-000000000015', '00000000-0000-0000-0002-000000000001', '00000000-0000-0000-0004-000000000004', '00000000-0000-0000-0003-000000000002', 'Marcus struggled with pencil grip during handwriting but improved with one-on-one support.', 'motor', NOW() - INTERVAL '28 days', 'ta', 'HIGH', 4, '{"students":["Marcus"],"context":"motor","skills":["letter_formation","fine_motor"],"methods":[{"key":"one_on_one","label":"1-on-1 support","negated":false,"source":"auto"}],"outcome":"mixed","confidence":"HIGH","confidenceScore":4,"flags":[],"llmFallbackSuggested":false,"signalStrength":4,"suggestions":{"skills":[],"methods":[]},"evidence":{"skills":{"letter_formation":{"trigger":"handwriting","match":"handwriting"},"fine_motor":{"trigger":"pencil grip","match":"pencil grip"}},"methods":{"one_on_one":{"trigger":"one-on-one","match":"one-on-one","negated":false}},"outcome":[{"word":"improved","trigger":"improved","negated":false,"polarity":"positive"},{"word":"struggled","trigger":"struggled","negated":false,"polarity":"negative"}]},"lexicon":"1.3"}'),
  ('00000000-0000-0000-0005-000000000016', '00000000-0000-0000-0002-000000000001', '00000000-0000-0000-0004-000000000004', '00000000-0000-0000-0003-000000000001', 'Marcus cut along the line with fine motor control, a real improvement.', 'motor', NOW() - INTERVAL '20 days', 'teacher', 'HIGH', 3, '{"students":["Marcus"],"context":"motor","skills":["fine_motor"],"methods":[],"outcome":"positive","confidence":"HIGH","confidenceScore":3,"flags":[],"llmFallbackSuggested":false,"signalStrength":3,"suggestions":{"skills":[],"methods":[]},"evidence":{"skills":{"fine_motor":{"trigger":"fine motor","match":"fine motor"}},"methods":{},"outcome":[{"word":"improvement","trigger":"improvement","negated":false,"polarity":"positive"}]},"lexicon":"1.3"}'),
  ('00000000-0000-0000-0005-000000000017', '00000000-0000-0000-0002-000000000001', '00000000-0000-0000-0004-000000000004', '00000000-0000-0000-0003-000000000001', 'Marcus wrote his name independently for the first time.', 'literacy', NOW() - INTERVAL '16 days', 'teacher', 'HIGH', 4, '{"students":["Marcus"],"context":"literacy","skills":["writing"],"methods":[{"key":"independent","label":"Independent practice","negated":false,"source":"auto"}],"outcome":"positive","confidence":"HIGH","confidenceScore":4,"flags":[],"llmFallbackSuggested":false,"signalStrength":4,"suggestions":{"skills":["independence"],"methods":[]},"evidence":{"skills":{"writing":{"trigger":"wrote","match":"wrote"}},"methods":{"independent":{"trigger":"independently","match":"independently","negated":false}},"outcome":[{"word":"independently","trigger":"independently","negated":false,"polarity":"positive"}]},"lexicon":"1.3"}'),
  ('00000000-0000-0000-0005-000000000018', '00000000-0000-0000-0002-000000000002', '00000000-0000-0000-0004-000000000005', '00000000-0000-0000-0003-000000000003', 'Aisha decoded CVC words using picture cards and got 4 of 5 correct.', 'literacy', NOW() - INTERVAL '27 days', 'teacher', 'HIGH', 4, '{"students":["Aisha"],"context":"literacy","skills":["phonics"],"methods":[{"key":"visual","label":"Visual / Picture cues","negated":false,"source":"auto"}],"outcome":"positive","confidence":"HIGH","confidenceScore":4,"flags":[],"llmFallbackSuggested":false,"signalStrength":4,"suggestions":{"skills":[],"methods":[]},"evidence":{"skills":{"phonics":{"trigger":"cvc","match":"cvc"}},"methods":{"visual":{"trigger":"picture card","match":"picture cards","negated":false}},"outcome":[{"word":"correct","trigger":"correct","negated":false,"polarity":"positive"}]},"lexicon":"1.3"}'),
  ('00000000-0000-0000-0005-000000000019', '00000000-0000-0000-0002-000000000002', '00000000-0000-0000-0004-000000000005', '00000000-0000-0000-0003-000000000003', 'Aisha struggled with blending sounds at first but improved with one-on-one support.', 'literacy', NOW() - INTERVAL '20 days', 'teacher', 'HIGH', 4, '{"students":["Aisha"],"context":"literacy","skills":[],"methods":[{"key":"one_on_one","label":"1-on-1 support","negated":false,"source":"auto"}],"outcome":"mixed","confidence":"HIGH","confidenceScore":4,"flags":[],"llmFallbackSuggested":false,"signalStrength":4,"suggestions":{"skills":["phonics"],"methods":[]},"evidence":{"skills":{},"methods":{"one_on_one":{"trigger":"one-on-one","match":"one-on-one","negated":false}},"outcome":[{"word":"improved","trigger":"improved","negated":false,"polarity":"positive"},{"word":"struggled","trigger":"struggled","negated":false,"polarity":"negative"}]},"lexicon":"1.3"}'),
  ('00000000-0000-0000-0005-000000000020', '00000000-0000-0000-0002-000000000002', '00000000-0000-0000-0004-000000000005', '00000000-0000-0000-0003-000000000003', 'Aisha read the passage and answered comprehension questions independently.', 'literacy', NOW() - INTERVAL '13 days', 'teacher', 'HIGH', 4, '{"students":["Aisha"],"context":"literacy","skills":["reading_comprehension","reading"],"methods":[{"key":"independent","label":"Independent practice","negated":false,"source":"auto"}],"outcome":"positive","confidence":"HIGH","confidenceScore":4,"flags":[],"llmFallbackSuggested":false,"signalStrength":4,"suggestions":{"skills":["independence"],"methods":[]},"evidence":{"skills":{"reading_comprehension":{"trigger":"comprehension","match":"comprehension"},"reading":{"trigger":"read the passage","match":"read the passage"}},"methods":{"independent":{"trigger":"independently","match":"independently","negated":false}},"outcome":[{"word":"independently","trigger":"independently","negated":false,"polarity":"positive"}]},"lexicon":"1.3"}'),
  ('00000000-0000-0000-0005-000000000021', '00000000-0000-0000-0002-000000000002', '00000000-0000-0000-0004-000000000005', '00000000-0000-0000-0003-000000000003', 'Aisha collaborated well and took turns with peers during small group work.', 'social', NOW() - INTERVAL '9 days', 'teacher', 'HIGH', 3, '{"students":["Aisha"],"context":"social","skills":["turn_taking","peer_interaction"],"methods":[{"key":"small_group","label":"Small group","negated":false,"source":"auto"}],"outcome":"unknown","confidence":"HIGH","confidenceScore":3,"flags":[],"llmFallbackSuggested":false,"signalStrength":3,"suggestions":{"skills":["collaboration"],"methods":[]},"evidence":{"skills":{"turn_taking":{"trigger":"took turns","match":"took turns"},"peer_interaction":{"trigger":"with peers","match":"with peers"}},"methods":{"small_group":{"trigger":"small group","match":"small group","negated":false}},"outcome":[]},"lexicon":"1.3"}'),
  ('00000000-0000-0000-0005-000000000022', '00000000-0000-0000-0002-000000000002', '00000000-0000-0000-0004-000000000005', '00000000-0000-0000-0003-000000000004', 'Aisha mastered counting to 50 using manipulatives, a clear success.', 'maths', NOW() - INTERVAL '6 days', 'specialist', 'HIGH', 4, '{"students":["Aisha"],"context":"maths","skills":["counting"],"methods":[{"key":"kinesthetic","label":"Hands-on / Manipulatives","negated":false,"source":"auto"}],"outcome":"positive","confidence":"HIGH","confidenceScore":4,"flags":[],"llmFallbackSuggested":false,"signalStrength":4,"suggestions":{"skills":[],"methods":[]},"evidence":{"skills":{"counting":{"trigger":"counting to","match":"counting to"}},"methods":{"kinesthetic":{"trigger":"manipulative","match":"manipulatives","negated":false}},"outcome":[{"word":"mastered","trigger":"mastered","negated":false,"polarity":"positive"},{"word":"success","trigger":"success","negated":false,"polarity":"positive"}]},"lexicon":"1.3"}'),
  ('00000000-0000-0000-0005-000000000023', '00000000-0000-0000-0002-000000000002', '00000000-0000-0000-0004-000000000005', '00000000-0000-0000-0003-000000000003', 'Aisha wrote a full sentence independently with correct spelling.', 'literacy', NOW() - INTERVAL '1 days', 'teacher', 'HIGH', 4, '{"students":["Aisha"],"context":"literacy","skills":["writing"],"methods":[{"key":"independent","label":"Independent practice","negated":false,"source":"auto"}],"outcome":"positive","confidence":"HIGH","confidenceScore":4,"flags":[],"llmFallbackSuggested":false,"signalStrength":4,"suggestions":{"skills":["independence"],"methods":[]},"evidence":{"skills":{"writing":{"trigger":"wrote","match":"wrote"}},"methods":{"independent":{"trigger":"independently","match":"independently","negated":false}},"outcome":[{"word":"independently","trigger":"independently","negated":false,"polarity":"positive"},{"word":"correct","trigger":"correct","negated":false,"polarity":"positive"}]},"lexicon":"1.3"}'),
  ('00000000-0000-0000-0005-000000000024', '00000000-0000-0000-0002-000000000002', '00000000-0000-0000-0004-000000000006', '00000000-0000-0000-0003-000000000003', 'Diego struggled with phonics and could not decode simple sounds.', 'literacy', NOW() - INTERVAL '23 days', 'teacher', 'HIGH', 3, '{"students":["Diego"],"context":"literacy","skills":["phonics"],"methods":[],"outcome":"negative","confidence":"HIGH","confidenceScore":3,"flags":[],"llmFallbackSuggested":false,"signalStrength":3,"suggestions":{"skills":[],"methods":[]},"evidence":{"skills":{"phonics":{"trigger":"phonics","match":"phonics"}},"methods":{},"outcome":[{"word":"struggled","trigger":"struggled","negated":false,"polarity":"negative"},{"word":"could not","trigger":"could not","negated":false,"polarity":"negative"}]},"lexicon":"1.3"}'),
  ('00000000-0000-0000-0005-000000000025', '00000000-0000-0000-0002-000000000002', '00000000-0000-0000-0004-000000000006', '00000000-0000-0000-0003-000000000003', 'Diego had difficulty counting and confused numbers on the number line.', 'maths', NOW() - INTERVAL '18 days', 'teacher', 'HIGH', 4, '{"students":["Diego"],"context":"maths","skills":["counting"],"methods":[{"key":"visual","label":"Visual / Picture cues","negated":false,"source":"auto"}],"outcome":"negative","confidence":"HIGH","confidenceScore":4,"flags":[],"llmFallbackSuggested":false,"signalStrength":4,"suggestions":{"skills":["number_recognition"],"methods":[]},"evidence":{"skills":{"counting":{"trigger":"counting","match":"counting"}},"methods":{"visual":{"trigger":"number line","match":"number line","negated":false}},"outcome":[{"word":"difficulty","trigger":"difficulty","negated":false,"polarity":"negative"},{"word":"confused","trigger":"confused","negated":false,"polarity":"negative"}]},"lexicon":"1.3"}'),
  ('00000000-0000-0000-0005-000000000026', '00000000-0000-0000-0002-000000000002', '00000000-0000-0000-0004-000000000006', '00000000-0000-0000-0003-000000000004', 'Diego refused to participate in group work and had a meltdown.', 'behaviour', NOW() - INTERVAL '11 days', 'specialist', 'HIGH', 4, '{"students":["Diego"],"context":"behaviour","skills":["self_regulation"],"methods":[{"key":"small_group","label":"Small group","negated":true,"source":"auto"}],"outcome":"negative","confidence":"HIGH","confidenceScore":4,"flags":[],"llmFallbackSuggested":false,"signalStrength":4,"suggestions":{"skills":["engagement"],"methods":[]},"evidence":{"skills":{"self_regulation":{"trigger":"meltdown","match":"meltdown"}},"methods":{"small_group":{"trigger":"group work","match":"group work","negated":true}},"outcome":[{"word":"refused","trigger":"refused","negated":false,"polarity":"negative"}]},"lexicon":"1.3"}'),
  ('00000000-0000-0000-0005-000000000027', '00000000-0000-0000-0002-000000000002', '00000000-0000-0000-0004-000000000006', '00000000-0000-0000-0003-000000000004', 'Diego could not sound out CVC words even with verbal prompting.', 'literacy', NOW() - INTERVAL '4 days', 'specialist', 'HIGH', 3, '{"students":["Diego"],"context":"literacy","skills":["phonics"],"methods":[],"outcome":"negative","confidence":"HIGH","confidenceScore":3,"flags":[],"llmFallbackSuggested":false,"signalStrength":3,"suggestions":{"skills":[],"methods":[]},"evidence":{"skills":{"phonics":{"trigger":"cvc","match":"cvc"}},"methods":{},"outcome":[{"word":"could not","trigger":"could not","negated":false,"polarity":"negative"}]},"lexicon":"1.3"}'),
  ('00000000-0000-0000-0005-000000000028', '00000000-0000-0000-0002-000000000002', '00000000-0000-0000-0004-000000000007', '00000000-0000-0000-0003-000000000003', 'Sophia shared materials and took turns with peers all morning.', 'social', NOW() - INTERVAL '22 days', 'teacher', 'MEDIUM', 2, '{"students":["Sophia"],"context":"social","skills":["turn_taking","sharing_cooperation","peer_interaction"],"methods":[],"outcome":"unknown","confidence":"MEDIUM","confidenceScore":2,"flags":[],"llmFallbackSuggested":false,"signalStrength":2,"suggestions":{"skills":[],"methods":[]},"evidence":{"skills":{"turn_taking":{"trigger":"took turns","match":"took turns"},"sharing_cooperation":{"trigger":"shared materials","match":"shared materials"},"peer_interaction":{"trigger":"with peers","match":"with peers"}},"methods":{},"outcome":[]},"lexicon":"1.3"}'),
  ('00000000-0000-0000-0005-000000000029', '00000000-0000-0000-0002-000000000002', '00000000-0000-0000-0004-000000000007', '00000000-0000-0000-0003-000000000003', 'Sophia collaborated in small group work and helped a peer, a great success.', 'social', NOW() - INTERVAL '15 days', 'teacher', 'HIGH', 4, '{"students":["Sophia"],"context":"social","skills":["peer_interaction"],"methods":[{"key":"small_group","label":"Small group","negated":false,"source":"auto"}],"outcome":"positive","confidence":"HIGH","confidenceScore":4,"flags":[],"llmFallbackSuggested":false,"signalStrength":4,"suggestions":{"skills":["collaboration"],"methods":[]},"evidence":{"skills":{"peer_interaction":{"trigger":"helped a peer","match":"helped a peer"}},"methods":{"small_group":{"trigger":"small group","match":"small group","negated":false}},"outcome":[{"word":"success","trigger":"success","negated":false,"polarity":"positive"}]},"lexicon":"1.3"}'),
  ('00000000-0000-0000-0005-000000000030', '00000000-0000-0000-0002-000000000002', '00000000-0000-0000-0004-000000000007', '00000000-0000-0000-0003-000000000003', 'Sophia expressed her ideas clearly and raised her hand to contribute.', 'social', NOW() - INTERVAL '7 days', 'teacher', 'MEDIUM', 2, '{"students":["Sophia"],"context":"social","skills":["communication"],"methods":[],"outcome":"unknown","confidence":"MEDIUM","confidenceScore":2,"flags":[],"llmFallbackSuggested":false,"signalStrength":2,"suggestions":{"skills":[],"methods":[]},"evidence":{"skills":{"communication":{"trigger":"raised her hand","match":"raised her hand"}},"methods":{},"outcome":[]},"lexicon":"1.3"}'),
  ('00000000-0000-0000-0005-000000000031', '00000000-0000-0000-0002-000000000002', '00000000-0000-0000-0004-000000000007', '00000000-0000-0000-0003-000000000003', 'Sophia solved the puzzle using a new strategy and persisted when stuck.', 'maths', NOW() - INTERVAL '3 days', 'teacher', 'MEDIUM', 2, '{"students":["Sophia"],"context":"maths","skills":[],"methods":[],"outcome":"unknown","confidence":"MEDIUM","confidenceScore":2,"flags":[],"llmFallbackSuggested":false,"signalStrength":2,"suggestions":{"skills":["problem_solving"],"methods":[]},"evidence":{"skills":{},"methods":{},"outcome":[]},"lexicon":"1.3"}'),
  ('00000000-0000-0000-0005-000000000032', '00000000-0000-0000-0002-000000000002', '00000000-0000-0000-0004-000000000008', '00000000-0000-0000-0003-000000000003', 'Struggled today.', 'other', NOW() - INTERVAL '14 days', 'teacher', 'MEDIUM', 1, '{"students":[],"context":"other","skills":[],"methods":[],"outcome":"negative","confidence":"MEDIUM","confidenceScore":1,"flags":["no_student_matched","note_too_short"],"llmFallbackSuggested":false,"signalStrength":1,"suggestions":{"skills":[],"methods":[]},"evidence":{"skills":{},"methods":{},"outcome":[{"word":"struggled","trigger":"struggled","negated":false,"polarity":"negative"}]},"lexicon":"1.3"}'),
  ('00000000-0000-0000-0005-000000000033', '00000000-0000-0000-0002-000000000002', '00000000-0000-0000-0004-000000000008', '00000000-0000-0000-0003-000000000003', 'Liam practiced counting to ten with counters today.', 'maths', NOW() - INTERVAL '6 days', 'teacher', 'MEDIUM', 2, '{"students":["Liam"],"context":"maths","skills":["counting"],"methods":[],"outcome":"unknown","confidence":"MEDIUM","confidenceScore":2,"flags":[],"llmFallbackSuggested":false,"signalStrength":2,"suggestions":{"skills":[],"methods":[{"key":"kinesthetic","label":"Hands-on / Manipulatives","negated":false},{"key":"repetition","label":"Repetition / Practice","negated":false}]},"evidence":{"skills":{"counting":{"trigger":"counting to","match":"counting to"}},"methods":{},"outcome":[]},"lexicon":"1.3"}'),
  ('00000000-0000-0000-0005-000000000034', '00000000-0000-0000-0002-000000000002', '00000000-0000-0000-0004-000000000008', '00000000-0000-0000-0003-000000000003', 'Liam asked for help.', 'social', NOW() - INTERVAL '2 days', 'teacher', 'MEDIUM', 2, '{"students":["Liam"],"context":"social","skills":["communication"],"methods":[],"outcome":"unknown","confidence":"MEDIUM","confidenceScore":2,"flags":["note_too_short"],"llmFallbackSuggested":false,"signalStrength":2,"suggestions":{"skills":[],"methods":[]},"evidence":{"skills":{"communication":{"trigger":"asked for help","match":"asked for help"}},"methods":{},"outcome":[]},"lexicon":"1.3"}');

-- Observation audit — one create row per observation (append-only, FERPA)
INSERT INTO observation_audit (observation_id, changed_by, change_type, new_text) VALUES
  ('00000000-0000-0000-0005-000000000001', '00000000-0000-0000-0003-000000000001', 'create', 'Emma struggled with CVC blending but got 3/5 with picture cards, up from 1/5 without.'),
  ('00000000-0000-0000-0005-000000000002', '00000000-0000-0000-0003-000000000001', 'create', 'Emma decoded 8 of 10 sounds independently today, a clear improvement.'),
  ('00000000-0000-0000-0005-000000000003', '00000000-0000-0000-0003-000000000002', 'create', 'Emma used counters for counting to 20 and got all correct, her first time independently.'),
  ('00000000-0000-0000-0005-000000000004', '00000000-0000-0000-0003-000000000001', 'create', 'Emma raised her hand to ask for help during small group reading.'),
  ('00000000-0000-0000-0005-000000000005', '00000000-0000-0000-0003-000000000004', 'create', 'Emma stayed calm during transitions and used her coping strategy without a verbal prompt, a big success.'),
  ('00000000-0000-0000-0005-000000000006', '00000000-0000-0000-0003-000000000001', 'create', 'Emma read the passage and answered comprehension questions correctly with one-on-one support.'),
  ('00000000-0000-0000-0005-000000000007', '00000000-0000-0000-0003-000000000001', 'create', 'Noah blended 4 of 5 words but struggled to focus in group work.'),
  ('00000000-0000-0000-0005-000000000008', '00000000-0000-0000-0003-000000000001', 'create', 'Noah struggled with number sense and could not complete the number line.'),
  ('00000000-0000-0000-0005-000000000009', '00000000-0000-0000-0003-000000000004', 'create', 'Noah refused to share materials and had a meltdown during transition.'),
  ('00000000-0000-0000-0005-000000000010', '00000000-0000-0000-0003-000000000001', 'create', 'Noah tried again after a verbal prompt and figured out the problem.'),
  ('00000000-0000-0000-0005-000000000011', '00000000-0000-0000-0003-000000000001', 'create', 'Lily lost focus mid-lesson but completed the worksheet accurately one-on-one.'),
  ('00000000-0000-0000-0005-000000000012', '00000000-0000-0000-0003-000000000004', 'create', 'Lily struggled to self-regulate and could not calm down in group work.'),
  ('00000000-0000-0000-0005-000000000013', '00000000-0000-0000-0003-000000000004', 'create', 'Lily struggled to self-regulate during transitions and would not settle in group work.'),
  ('00000000-0000-0000-0005-000000000014', '00000000-0000-0000-0003-000000000001', 'create', 'Lily struggled to self-regulate and refused to join group work again.'),
  ('00000000-0000-0000-0005-000000000015', '00000000-0000-0000-0003-000000000002', 'create', 'Marcus struggled with pencil grip during handwriting but improved with one-on-one support.'),
  ('00000000-0000-0000-0005-000000000016', '00000000-0000-0000-0003-000000000001', 'create', 'Marcus cut along the line with fine motor control, a real improvement.'),
  ('00000000-0000-0000-0005-000000000017', '00000000-0000-0000-0003-000000000001', 'create', 'Marcus wrote his name independently for the first time.'),
  ('00000000-0000-0000-0005-000000000018', '00000000-0000-0000-0003-000000000003', 'create', 'Aisha decoded CVC words using picture cards and got 4 of 5 correct.'),
  ('00000000-0000-0000-0005-000000000019', '00000000-0000-0000-0003-000000000003', 'create', 'Aisha struggled with blending sounds at first but improved with one-on-one support.'),
  ('00000000-0000-0000-0005-000000000020', '00000000-0000-0000-0003-000000000003', 'create', 'Aisha read the passage and answered comprehension questions independently.'),
  ('00000000-0000-0000-0005-000000000021', '00000000-0000-0000-0003-000000000003', 'create', 'Aisha collaborated well and took turns with peers during small group work.'),
  ('00000000-0000-0000-0005-000000000022', '00000000-0000-0000-0003-000000000004', 'create', 'Aisha mastered counting to 50 using manipulatives, a clear success.'),
  ('00000000-0000-0000-0005-000000000023', '00000000-0000-0000-0003-000000000003', 'create', 'Aisha wrote a full sentence independently with correct spelling.'),
  ('00000000-0000-0000-0005-000000000024', '00000000-0000-0000-0003-000000000003', 'create', 'Diego struggled with phonics and could not decode simple sounds.'),
  ('00000000-0000-0000-0005-000000000025', '00000000-0000-0000-0003-000000000003', 'create', 'Diego had difficulty counting and confused numbers on the number line.'),
  ('00000000-0000-0000-0005-000000000026', '00000000-0000-0000-0003-000000000004', 'create', 'Diego refused to participate in group work and had a meltdown.'),
  ('00000000-0000-0000-0005-000000000027', '00000000-0000-0000-0003-000000000004', 'create', 'Diego could not sound out CVC words even with verbal prompting.'),
  ('00000000-0000-0000-0005-000000000028', '00000000-0000-0000-0003-000000000003', 'create', 'Sophia shared materials and took turns with peers all morning.'),
  ('00000000-0000-0000-0005-000000000029', '00000000-0000-0000-0003-000000000003', 'create', 'Sophia collaborated in small group work and helped a peer, a great success.'),
  ('00000000-0000-0000-0005-000000000030', '00000000-0000-0000-0003-000000000003', 'create', 'Sophia expressed her ideas clearly and raised her hand to contribute.'),
  ('00000000-0000-0000-0005-000000000031', '00000000-0000-0000-0003-000000000003', 'create', 'Sophia solved the puzzle using a new strategy and persisted when stuck.'),
  ('00000000-0000-0000-0005-000000000032', '00000000-0000-0000-0003-000000000003', 'create', 'Struggled today.'),
  ('00000000-0000-0000-0005-000000000033', '00000000-0000-0000-0003-000000000003', 'create', 'Liam practiced counting to ten with counters today.'),
  ('00000000-0000-0000-0005-000000000034', '00000000-0000-0000-0003-000000000003', 'create', 'Liam asked for help.');

-- Goals
INSERT INTO goals (id, person_id, team_id, created_by, title, description, domain, start_date, target_date, status, progress_pct) VALUES
  ('00000000-0000-0000-0006-000000000001',   '00000000-0000-0000-0004-000000000001',   '00000000-0000-0000-0002-000000000001', '00000000-0000-0000-0003-000000000001',  'Blend CVC words independently', 'Decode and blend consonant-vowel-consonant words without prompting.', 'literacy', CURRENT_DATE - 30, CURRENT_DATE - -30, 'active', 60),
  ('00000000-0000-0000-0006-000000000002',   '00000000-0000-0000-0004-000000000002',   '00000000-0000-0000-0002-000000000001', '00000000-0000-0000-0003-000000000001',  'Sustain focus during group work', 'Stay engaged and on-task through a full small-group activity.', 'behaviour', CURRENT_DATE - 25, CURRENT_DATE - -35, 'active', 30),
  ('00000000-0000-0000-0006-000000000003',   '00000000-0000-0000-0004-000000000003',   '00000000-0000-0000-0002-000000000001', '00000000-0000-0000-0003-000000000004', 'Use a self-regulation strategy', 'Independently choose and use a calming strategy during transitions.', 'behaviour', CURRENT_DATE - 22, CURRENT_DATE - -40, 'active', 25),
  ('00000000-0000-0000-0006-000000000004',  '00000000-0000-0000-0004-000000000005',  '00000000-0000-0000-0002-000000000002', '00000000-0000-0000-0003-000000000003', 'Decode grade-1 texts fluently', 'Read grade-1 leveled texts with accurate decoding.', 'literacy', CURRENT_DATE - 28, CURRENT_DATE - -10, 'achieved', 100),
  ('00000000-0000-0000-0006-000000000005',  '00000000-0000-0000-0004-000000000006',  '00000000-0000-0000-0002-000000000002', '00000000-0000-0000-0003-000000000003', 'Build number sense to 20', 'Count, order, and compare numbers to 20.', 'maths', CURRENT_DATE - 23, CURRENT_DATE - -25, 'paused', 20),
  ('00000000-0000-0000-0006-000000000006', '00000000-0000-0000-0004-000000000007', '00000000-0000-0000-0002-000000000002', '00000000-0000-0000-0003-000000000003', 'Collaborate and share in groups', 'Take turns and share materials during group work.', 'social', CURRENT_DATE - 22, CURRENT_DATE - -20, 'active', 70);

-- Goal status history (append-only; create row + transitions)
INSERT INTO goal_status_history (id, goal_id, changed_by, from_status, to_status, changed_at) VALUES
  ('00000000-0000-0000-000c-000000000001', '00000000-0000-0000-0006-000000000001', '00000000-0000-0000-0003-000000000001', NULL, 'active', NOW() - INTERVAL '30 days'),
  ('00000000-0000-0000-000c-000000000002', '00000000-0000-0000-0006-000000000002', '00000000-0000-0000-0003-000000000001', NULL, 'active', NOW() - INTERVAL '25 days'),
  ('00000000-0000-0000-000c-000000000003', '00000000-0000-0000-0006-000000000003', '00000000-0000-0000-0003-000000000004', NULL, 'active', NOW() - INTERVAL '22 days'),
  ('00000000-0000-0000-000c-000000000004', '00000000-0000-0000-0006-000000000004', '00000000-0000-0000-0003-000000000003', NULL, 'active', NOW() - INTERVAL '28 days'),
  ('00000000-0000-0000-000c-000000000005', '00000000-0000-0000-0006-000000000004', '00000000-0000-0000-0003-000000000003', 'active', 'achieved', NOW() - INTERVAL '8 days'),
  ('00000000-0000-0000-000c-000000000006', '00000000-0000-0000-0006-000000000005', '00000000-0000-0000-0003-000000000003', NULL, 'active', NOW() - INTERVAL '23 days'),
  ('00000000-0000-0000-000c-000000000007', '00000000-0000-0000-0006-000000000005', '00000000-0000-0000-0003-000000000003', 'active', 'paused', NOW() - INTERVAL '9 days'),
  ('00000000-0000-0000-000c-000000000008', '00000000-0000-0000-0006-000000000006', '00000000-0000-0000-0003-000000000003', NULL, 'active', NOW() - INTERVAL '22 days');

-- Goal evidence (link goals to supporting observations)
INSERT INTO goal_evidence (id, goal_id, observation_id, linked_by) VALUES
  ('00000000-0000-0000-000d-000000000001', '00000000-0000-0000-0006-000000000001', '00000000-0000-0000-0005-000000000001', '00000000-0000-0000-0003-000000000001'),
  ('00000000-0000-0000-000d-000000000002', '00000000-0000-0000-0006-000000000001', '00000000-0000-0000-0005-000000000002', '00000000-0000-0000-0003-000000000001'),
  ('00000000-0000-0000-000d-000000000003', '00000000-0000-0000-0006-000000000004', '00000000-0000-0000-0005-000000000018', '00000000-0000-0000-0003-000000000003'),
  ('00000000-0000-0000-000d-000000000004', '00000000-0000-0000-0006-000000000004', '00000000-0000-0000-0005-000000000022', '00000000-0000-0000-0003-000000000004'),
  ('00000000-0000-0000-000d-000000000005', '00000000-0000-0000-0006-000000000006', '00000000-0000-0000-0005-000000000029', '00000000-0000-0000-0003-000000000003');

-- Interventions (high/medium/low priority; active + one resolved)
INSERT INTO interventions (id, person_id, team_id, created_by, title, description, priority, status, started_at, resolved_at) VALUES
  ('00000000-0000-0000-0007-000000000001', '00000000-0000-0000-0004-000000000002',   '00000000-0000-0000-0002-000000000001', '00000000-0000-0000-0003-000000000001',  'Structured small-group seating', 'Seat Noah near the teacher with a visual task checklist during group work.', 'medium', 'active', CURRENT_DATE - 20, NULL),
  ('00000000-0000-0000-0007-000000000002', '00000000-0000-0000-0004-000000000003',   '00000000-0000-0000-0002-000000000001', '00000000-0000-0000-0003-000000000004', 'Daily calm-corner check-in',     'Brief check-in and a pre-taught calming strategy before each transition.',   'high',   'active', CURRENT_DATE - 15, NULL),
  ('00000000-0000-0000-0007-000000000003', '00000000-0000-0000-0004-000000000004', '00000000-0000-0000-0002-000000000001', '00000000-0000-0000-0003-000000000001',  'Pencil-grip support',            'Triangular grips and short handwriting warm-ups; review after 3 weeks.',      'low',    'resolved', CURRENT_DATE - 26, CURRENT_DATE - 5),
  ('00000000-0000-0000-0007-000000000004', '00000000-0000-0000-0004-000000000006',  '00000000-0000-0000-0002-000000000002', '00000000-0000-0000-0003-000000000003', '1:1 phonics intervention block',  'Ten-minute daily 1:1 decoding block with the specialist.',                   'high',   'active', CURRENT_DATE - 16, NULL);

-- Milestones (org-scoped normative definitions)
INSERT INTO milestones (id, organization_id, name, description, domain, grade_level, sort_order, created_by) VALUES
  ('00000000-0000-0000-000a-000000000001',     '00000000-0000-0000-0000-000000000001', 'Blends CVC words',                 'Decodes and blends simple CVC words.',        'literacy',  'K', 1, '00000000-0000-0000-0003-000000000001'),
  ('00000000-0000-0000-000a-000000000002',   '00000000-0000-0000-0000-000000000001', 'Counts to 20',                     'Counts objects accurately to 20.',            'maths',     'K', 2, '00000000-0000-0000-0003-000000000001'),
  ('00000000-0000-0000-000a-000000000003', '00000000-0000-0000-0000-000000000001', 'Self-regulates in transitions',   'Uses a calming strategy during transitions.', 'behaviour', 'K', 3, '00000000-0000-0000-0003-000000000001'),
  ('00000000-0000-0000-000a-000000000004',   '00000000-0000-0000-0000-000000000001', 'Reads grade-1 text',               'Reads grade-1 leveled text accurately.',      'literacy',  '1', 4, '00000000-0000-0000-0003-000000000003'),
  ('00000000-0000-0000-000a-000000000005',  '00000000-0000-0000-0000-000000000001', 'Collaborates in group work',       'Takes turns and shares during group work.',   'social',    '1', 5, '00000000-0000-0000-0003-000000000003');

-- Per-student milestone status
INSERT INTO milestone_status (id, milestone_id, person_id, status, achieved_at, updated_by) VALUES
  ('00000000-0000-0000-000b-000000000001', '00000000-0000-0000-000a-000000000001', '00000000-0000-0000-0004-000000000001', 'in_progress', NULL, '00000000-0000-0000-0003-000000000001'),
  ('00000000-0000-0000-000b-000000000002', '00000000-0000-0000-000a-000000000002', '00000000-0000-0000-0004-000000000001', 'achieved', CURRENT_DATE - 10, '00000000-0000-0000-0003-000000000002'),
  ('00000000-0000-0000-000b-000000000003', '00000000-0000-0000-000a-000000000003', '00000000-0000-0000-0004-000000000003', 'in_progress', NULL, '00000000-0000-0000-0003-000000000004'),
  ('00000000-0000-0000-000b-000000000004', '00000000-0000-0000-000a-000000000001', '00000000-0000-0000-0004-000000000004', 'not_started', NULL, '00000000-0000-0000-0003-000000000001'),
  ('00000000-0000-0000-000b-000000000005', '00000000-0000-0000-000a-000000000004', '00000000-0000-0000-0004-000000000005', 'achieved', CURRENT_DATE - 6, '00000000-0000-0000-0003-000000000003'),
  ('00000000-0000-0000-000b-000000000006', '00000000-0000-0000-000a-000000000001', '00000000-0000-0000-0004-000000000005', 'achieved', CURRENT_DATE - 20, '00000000-0000-0000-0003-000000000003'),
  ('00000000-0000-0000-000b-000000000007', '00000000-0000-0000-000a-000000000005', '00000000-0000-0000-0004-000000000007', 'achieved', CURRENT_DATE - 9, '00000000-0000-0000-0003-000000000003'),
  ('00000000-0000-0000-000b-000000000008', '00000000-0000-0000-000a-000000000004', '00000000-0000-0000-0004-000000000006', 'not_started', NULL, '00000000-0000-0000-0003-000000000003'),
  ('00000000-0000-0000-000b-000000000009', '00000000-0000-0000-000a-000000000002', '00000000-0000-0000-0004-000000000006', 'in_progress', NULL, '00000000-0000-0000-0003-000000000004');

-- Conference reports (content_json left empty; the Conference page
-- regenerates the server-computed payload on first visit — kept unlocked
-- so it self-populates rather than shipping a hand-authored payload).
INSERT INTO reports (id, person_id, team_id, generated_by, report_type, period_start, period_end, content_json, is_locked) VALUES
  ('00000000-0000-0000-0008-000000000001', '00000000-0000-0000-0004-000000000001',  '00000000-0000-0000-0002-000000000001', '00000000-0000-0000-0003-000000000001',  'conference', CURRENT_DATE - 90, CURRENT_DATE - 0, '{}', FALSE),
  ('00000000-0000-0000-0008-000000000002', '00000000-0000-0000-0004-000000000005', '00000000-0000-0000-0002-000000000002', '00000000-0000-0000-0003-000000000003', 'conference', CURRENT_DATE - 90, CURRENT_DATE - 0, '{}', FALSE);

-- Parent contacts (opted-in + invite-pending)
INSERT INTO parent_contacts (id, person_id, full_name, email, phone, preferred_channel, opted_in, opted_in_at, invited_email, invited_phone, invite_sent_at) VALUES
  ('00000000-0000-0000-0009-000000000001', '00000000-0000-0000-0004-000000000001',   'Sarah Chen', 'sarah.chen@example.com', NULL, 'email', TRUE, NOW() - INTERVAL '12 days', 'sarah.chen@example.com', NULL, NOW() - INTERVAL '20 days'),
  ('00000000-0000-0000-0009-000000000002', '00000000-0000-0000-0004-000000000005',  'Omar Ali',   NULL, '+15551234567', 'sms',  TRUE, NOW() - INTERVAL '9 days',  NULL, '+15551234567', NOW() - INTERVAL '15 days'),
  ('00000000-0000-0000-0009-000000000003', '00000000-0000-0000-0004-000000000004', NULL, NULL, NULL, NULL, FALSE, NULL, 'marcus.parent@example.com', NULL, NOW() - INTERVAL '6 days'),
  ('00000000-0000-0000-0009-000000000004', '00000000-0000-0000-0004-000000000008',   NULL, NULL, NULL, NULL, FALSE, NULL, 'liam.parent@example.com', NULL, NULL);

